"","id","alltrial","experiment","agent","altAgent","rightFruit","leftFruit","corObjInf","corObjPrior","pick","prior","inf","trial","alignment","change","rt","correct_inf","correct_prior"
"1","004ab50c5e5173c1de10044a874dc42e","1","novel_medium","Elephant","Beaver","bear","car","car","car","car","medium","left","train1","congruent","same",12132,1,1
"2","004ab50c5e5173c1de10044a874dc42e","2","novel_medium","Pig","Beaver","ball","duck","ball","ball","ball","medium","right","train2","congruent","same",15318,1,1
"3","004ab50c5e5173c1de10044a874dc42e","3","novel_medium","Dog","Beaver","t14","t8","t8","t14","t8","medium","right","1","incongruent","same",13075,1,0
"4","004ab50c5e5173c1de10044a874dc42e","4","novel_medium","Pig","Beaver","t5","t9","t5","t9","t9","medium","left","2","incongruent","same",13024,0,1
"5","004ab50c5e5173c1de10044a874dc42e","5","novel_medium","Tiger","Beaver","t13","t7","t13","t13","t13","medium","right","3","congruent","same",11666,1,1
"6","004ab50c5e5173c1de10044a874dc42e","6","novel_medium","Bunny","Beaver","t10","t2","t2","t2","t2","medium","left","4","congruent","diff",7171,1,1
"7","004ab50c5e5173c1de10044a874dc42e","7","novel_medium","Elephant","Bear","t3","t4","t4","t4","t4","medium","right","5","congruent","diff",7047,1,1
"8","004ab50c5e5173c1de10044a874dc42e","8","novel_medium","Cat","Sheep","t6","t17","t6","t17","t17","medium","left","6","incongruent","diff",7110,0,1
"9","004ab50c5e5173c1de10044a874dc42e","9","novel_medium","Monkey","Frog","t11","t12","t11","t12","t12","medium","right","7","incongruent","diff",7125,0,1
"10","004ab50c5e5173c1de10044a874dc42e","10","novel_medium","Mouse",NA,"t18","t16","t16","t16","t18","medium","left","8","congruent","same",7044,0,0
"11","05d54e8e40cc77f4d5e84b06a26cb9f6","1","novel_medium","Elephant","Monkey","bear","car","car","car","car","medium","left","train1","congruent","same",9620,1,1
"12","05d54e8e40cc77f4d5e84b06a26cb9f6","2","novel_medium","Pig","Monkey","ball","duck","ball","ball","ball","medium","right","train2","congruent","same",11389,1,1
"13","05d54e8e40cc77f4d5e84b06a26cb9f6","3","novel_medium","Sheep","Monkey","t17","t13","t13","t13","t13","medium","right","1","congruent","same",13584,1,1
"14","05d54e8e40cc77f4d5e84b06a26cb9f6","4","novel_medium","Dog","Monkey","t10","t9","t10","t10","t10","medium","right","2","congruent","diff",13784,1,1
"15","05d54e8e40cc77f4d5e84b06a26cb9f6","5","novel_medium","Frog","Mouse","t2","t11","t11","t2","t2","medium","right","3","incongruent","same",14231,0,1
"16","05d54e8e40cc77f4d5e84b06a26cb9f6","6","novel_medium","Pig","Mouse","t12","t7","t12","t7","t12","medium","right","4","incongruent","diff",13632,1,0
"17","05d54e8e40cc77f4d5e84b06a26cb9f6","7","novel_medium","Cat","Beaver","t15","t5","t15","t15","t15","medium","left","5","congruent","same",12963,1,1
"18","05d54e8e40cc77f4d5e84b06a26cb9f6","8","novel_medium","Bear","Beaver","t14","t6","t6","t14","t14","medium","left","6","incongruent","diff",11807,0,1
"19","05d54e8e40cc77f4d5e84b06a26cb9f6","9","novel_medium","Elephant","Tiger","t8","t1","t8","t8","t8","medium","left","7","congruent","diff",13207,1,1
"20","05d54e8e40cc77f4d5e84b06a26cb9f6","10","novel_medium","Bunny",NA,"t18","t3","t3","t18","t18","medium","left","8","incongruent","same",13811,0,1
"21","07f53e86a37b037cad02cb64667583ec","1","novel_medium","Elephant","Bear","bear","car","car","car","car","medium","left","train1","congruent","same",7499,1,1
"22","07f53e86a37b037cad02cb64667583ec","2","novel_medium","Pig","Bear","ball","duck","ball","ball","ball","medium","right","train2","congruent","same",7539,1,1
"23","07f53e86a37b037cad02cb64667583ec","3","novel_medium","Frog","Bear","t16","t15","t15","t15","t15","medium","left","1","congruent","diff",12803,1,1
"24","07f53e86a37b037cad02cb64667583ec","4","novel_medium","Dog","Mouse","t4","t18","t4","t18","t4","medium","right","2","incongruent","same",7604,1,0
"25","07f53e86a37b037cad02cb64667583ec","5","novel_medium","Pig","Mouse","t7","t8","t8","t7","t8","medium","left","3","incongruent","diff",7642,1,0
"26","07f53e86a37b037cad02cb64667583ec","6","novel_medium","Sheep","Elephant","t13","t1","t13","t1","t13","medium","left","4","incongruent","same",7162,1,0
"27","07f53e86a37b037cad02cb64667583ec","7","novel_medium","Beaver","Elephant","t5","t9","t9","t9","t9","medium","right","5","congruent","same",8971,1,1
"28","07f53e86a37b037cad02cb64667583ec","8","novel_medium","Tiger","Elephant","t17","t11","t17","t17","t17","medium","right","6","congruent","diff",7579,1,1
"29","07f53e86a37b037cad02cb64667583ec","9","novel_medium","Monkey","Cat","t12","t3","t3","t12","t3","medium","right","7","incongruent","diff",7115,1,0
"30","07f53e86a37b037cad02cb64667583ec","10","novel_medium","Bunny",NA,"t14","t2","t2","t2","t2","medium","left","8","congruent","same",7226,1,1
"31","0d0855e76dbc89d4b74da3eb94a21c7c","1","novel_medium","Elephant","Cat","bear","car","car","car","car","medium","left","train1","congruent","same",13252,1,1
"32","0d0855e76dbc89d4b74da3eb94a21c7c","2","novel_medium","Pig","Cat","ball","duck","ball","ball","ball","medium","right","train2","congruent","same",11522,1,1
"33","0d0855e76dbc89d4b74da3eb94a21c7c","3","novel_medium","Pig","Cat","t5","t16","t16","t16","t16","medium","right","1","congruent","diff",17690,1,1
"34","0d0855e76dbc89d4b74da3eb94a21c7c","4","novel_medium","Frog","Dog","t3","t14","t3","t14","t14","medium","right","2","incongruent","same",13682,0,1
"35","0d0855e76dbc89d4b74da3eb94a21c7c","5","novel_medium","Mouse","Dog","t2","t12","t2","t2","t2","medium","right","3","congruent","same",15163,1,1
"36","0d0855e76dbc89d4b74da3eb94a21c7c","6","novel_medium","Elephant","Dog","t1","t4","t4","t4","t4","medium","left","4","congruent","same",13811,1,1
"37","0d0855e76dbc89d4b74da3eb94a21c7c","7","novel_medium","Bear","Dog","t6","t11","t11","t11","t11","medium","left","5","congruent","diff",13083,1,1
"38","0d0855e76dbc89d4b74da3eb94a21c7c","8","novel_medium","Monkey","Tiger","t8","t15","t15","t8","t8","medium","right","6","incongruent","diff",14234,0,1
"39","0d0855e76dbc89d4b74da3eb94a21c7c","9","novel_medium","Bunny","Sheep","t7","t10","t10","t7","t7","medium","left","7","incongruent","diff",13379,0,1
"40","0d0855e76dbc89d4b74da3eb94a21c7c","10","novel_medium","Beaver",NA,"t9","t13","t9","t13","t13","medium","left","8","incongruent","same",12851,0,1
"41","0dc9234394fadd2f4add280fbe64916a","1","novel_medium","Elephant","Elephant","bear","car","car","car","car","medium","left","train1","congruent","same",11573,1,1
"42","0dc9234394fadd2f4add280fbe64916a","2","novel_medium","Pig","Elephant","ball","duck","ball","ball","ball","medium","right","train2","congruent","same",9690,1,1
"43","0dc9234394fadd2f4add280fbe64916a","3","novel_medium","Mouse","Elephant","t15","t11","t11","t11","t11","medium","left","1","congruent","diff",15362,1,1
"44","0dc9234394fadd2f4add280fbe64916a","4","novel_medium","Beaver","Tiger","t10","t12","t10","t12","t12","medium","left","2","incongruent","same",12561,0,1
"45","0dc9234394fadd2f4add280fbe64916a","5","novel_medium","Frog","Tiger","t4","t18","t4","t18","t4","medium","right","3","incongruent","diff",13467,1,0
"46","0dc9234394fadd2f4add280fbe64916a","6","novel_medium","Cat","Bunny","t3","t5","t3","t3","t3","medium","right","4","congruent","diff",13634,1,1
"47","0dc9234394fadd2f4add280fbe64916a","7","novel_medium","Bear","Pig","t16","t8","t8","t16","t16","medium","right","5","incongruent","same",12170,0,1
"48","0dc9234394fadd2f4add280fbe64916a","8","novel_medium","Sheep","Pig","t13","t2","t13","t13","t2","medium","right","6","congruent","same",13337,0,0
"49","0dc9234394fadd2f4add280fbe64916a","9","novel_medium","Dog","Pig","t9","t17","t17","t17","t17","medium","left","7","congruent","same",13804,1,1
"50","0dc9234394fadd2f4add280fbe64916a","10","novel_medium","Monkey","Pig","t14","t6","t6","t14","t14","medium","left","8","incongruent","diff",11275,0,1
"51","100c595ed25353bd27b2bfc07f2e7881","1","novel_medium","Elephant","Elephant","bear","car","car","car","car","medium","left","train1","congruent","same",16915,1,1
"52","100c595ed25353bd27b2bfc07f2e7881","2","novel_medium","Pig","Elephant","ball","duck","ball","ball","ball","medium","right","train2","congruent","same",10056,1,1
"53","100c595ed25353bd27b2bfc07f2e7881","3","novel_medium","Sheep","Elephant","t1","t13","t13","t13","t13","medium","left","1","congruent","diff",14322,1,1
"54","100c595ed25353bd27b2bfc07f2e7881","4","novel_medium","Dog","Monkey","t15","t4","t15","t4","t15","medium","right","2","incongruent","diff",13619,1,0
"55","100c595ed25353bd27b2bfc07f2e7881","5","novel_medium","Cat","Frog","t16","t2","t2","t2","t2","medium","left","3","congruent","same",14843,1,1
"56","100c595ed25353bd27b2bfc07f2e7881","6","novel_medium","Mouse","Frog","t6","t11","t11","t11","t11","medium","right","4","congruent","diff",13827,1,1
"57","100c595ed25353bd27b2bfc07f2e7881","7","novel_medium","Beaver","Bear","t7","t3","t7","t3","t7","medium","right","5","incongruent","same",13060,1,0
"58","100c595ed25353bd27b2bfc07f2e7881","8","novel_medium","Pig","Bear","t14","t10","t14","t10","t14","medium","left","6","incongruent","diff",12067,1,0
"59","100c595ed25353bd27b2bfc07f2e7881","9","novel_medium","Bunny",NA,"t5","t8","t8","t5","t8","medium","left","7","incongruent","same",14620,1,0
"60","100c595ed25353bd27b2bfc07f2e7881","10","novel_medium","Tiger",NA,"t9","t12","t9","t9","t9","medium","right","8","congruent","same",13292,1,1
"61","116afa2a9bd9b80085aef91c57ec75a1","1","novel_medium","Elephant","Cat","bear","car","car","car","car","medium","left","train1","congruent","same",10834,1,1
"62","116afa2a9bd9b80085aef91c57ec75a1","2","novel_medium","Pig","Cat","ball","duck","ball","ball","ball","medium","right","train2","congruent","same",9833,1,1
"63","116afa2a9bd9b80085aef91c57ec75a1","3","novel_medium","Frog","Cat","t1","t18","t1","t18","t1","medium","right","1","incongruent","diff",13313,1,0
"64","116afa2a9bd9b80085aef91c57ec75a1","4","novel_medium","Dog","Bunny","t3","t5","t3","t5","t5","medium","right","2","incongruent","same",13842,0,1
"65","116afa2a9bd9b80085aef91c57ec75a1","5","novel_medium","Mouse","Bunny","t15","t13","t13","t15","t15","medium","left","3","incongruent","same",14897,0,1
"66","116afa2a9bd9b80085aef91c57ec75a1","6","novel_medium","Tiger","Bunny","t16","t4","t4","t4","t4","medium","right","4","congruent","diff",13577,1,1
"67","116afa2a9bd9b80085aef91c57ec75a1","7","novel_medium","Monkey","Bear","t6","t11","t6","t6","t6","medium","left","5","congruent","diff",12577,1,1
"68","116afa2a9bd9b80085aef91c57ec75a1","8","novel_medium","Pig","Elephant","t14","t2","t2","t2","t2","medium","left","6","congruent","same",13250,1,1
"69","116afa2a9bd9b80085aef91c57ec75a1","9","novel_medium","Beaver","Elephant","t8","t7","t8","t7","t8","medium","left","7","incongruent","diff",13513,1,0
"70","116afa2a9bd9b80085aef91c57ec75a1","10","novel_medium","Sheep",NA,"t9","t17","t9","t9","t9","medium","right","8","congruent","same",13281,1,1
"71","134ad4c87ef5b3ddfa2fb595033dc5cb","1","novel_medium","Elephant","Cat","bear","car","car","car","car","medium","left","train1","congruent","same",8180,1,1
"72","134ad4c87ef5b3ddfa2fb595033dc5cb","2","novel_medium","Pig","Cat","ball","duck","ball","ball","ball","medium","right","train2","congruent","same",7025,1,1
"73","134ad4c87ef5b3ddfa2fb595033dc5cb","3","novel_medium","Dog","Cat","t10","t9","t10","t9","t9","medium","right","1","incongruent","same",9844,0,1
"74","134ad4c87ef5b3ddfa2fb595033dc5cb","4","novel_medium","Frog","Cat","t17","t18","t17","t17","t18","medium","right","2","congruent","same",7187,0,0
"75","134ad4c87ef5b3ddfa2fb595033dc5cb","5","novel_medium","Pig","Cat","t11","t6","t11","t11","t11","medium","right","3","congruent","diff",7064,1,1
"76","134ad4c87ef5b3ddfa2fb595033dc5cb","6","novel_medium","Bear","Monkey","t14","t4","t4","t14","t14","medium","right","4","incongruent","diff",7129,0,1
"77","134ad4c87ef5b3ddfa2fb595033dc5cb","7","novel_medium","Mouse","Sheep","t13","t3","t13","t3","t3","medium","left","5","incongruent","diff",7267,0,1
"78","134ad4c87ef5b3ddfa2fb595033dc5cb","8","novel_medium","Tiger","Beaver","t12","t5","t5","t5","t12","medium","left","6","congruent","diff",7456,0,0
"79","134ad4c87ef5b3ddfa2fb595033dc5cb","9","novel_medium","Elephant",NA,"t8","t7","t8","t7","t7","medium","left","7","incongruent","same",11646,0,1
"80","134ad4c87ef5b3ddfa2fb595033dc5cb","10","novel_medium","Bunny",NA,"t2","t16","t2","t2","t16","medium","left","8","congruent","same",7197,0,0
"81","13ad6fa1a8501821be54b1abfa7413dc","1","novel_medium","Elephant","Pig","bear","car","car","car","car","medium","left","train1","congruent","same",12825,1,1
"82","13ad6fa1a8501821be54b1abfa7413dc","2","novel_medium","Pig","Pig","ball","duck","ball","ball","ball","medium","right","train2","congruent","same",10990,1,1
"83","13ad6fa1a8501821be54b1abfa7413dc","3","novel_medium","Elephant","Pig","t18","t9","t9","t18","t9","medium","left","1","incongruent","diff",15048,1,0
"84","13ad6fa1a8501821be54b1abfa7413dc","4","novel_medium","Monkey","Bear","t6","t8","t6","t6","t8","medium","left","2","congruent","diff",12412,0,0
"85","13ad6fa1a8501821be54b1abfa7413dc","5","novel_medium","Frog","Sheep","t11","t15","t15","t15","t15","medium","left","3","congruent","same",14913,1,1
"86","13ad6fa1a8501821be54b1abfa7413dc","6","novel_medium","Dog","Sheep","t2","t17","t2","t2","t2","medium","right","4","congruent","same",13175,1,1
"87","13ad6fa1a8501821be54b1abfa7413dc","7","novel_medium","Bunny","Sheep","t4","t12","t4","t12","t12","medium","right","5","incongruent","same",14670,0,1
"88","13ad6fa1a8501821be54b1abfa7413dc","8","novel_medium","Mouse","Sheep","t1","t14","t14","t1","t14","medium","right","6","incongruent","diff",14061,1,0
"89","13ad6fa1a8501821be54b1abfa7413dc","9","novel_medium","Tiger","Cat","t10","t13","t10","t13","t13","medium","left","7","incongruent","same",13079,0,1
"90","13ad6fa1a8501821be54b1abfa7413dc","10","novel_medium","Beaver","Cat","t3","t5","t3","t3","t3","medium","right","8","congruent","diff",13277,1,1
"91","15be8be639f73575e8276054c7a645f0","1","novel_medium","Elephant","Pig","bear","car","car","car","car","medium","left","train1","congruent","same",13069,1,1
"92","15be8be639f73575e8276054c7a645f0","2","novel_medium","Pig","Pig","ball","duck","ball","ball","ball","medium","right","train2","congruent","same",9995,1,1
"93","15be8be639f73575e8276054c7a645f0","3","novel_medium","Elephant","Pig","t16","t18","t18","t18","t18","medium","right","1","congruent","same",15211,1,1
"94","15be8be639f73575e8276054c7a645f0","4","novel_medium","Mouse","Pig","t1","t13","t1","t13","t13","medium","left","2","incongruent","same",15634,0,1
"95","15be8be639f73575e8276054c7a645f0","5","novel_medium","Sheep","Pig","t8","t15","t15","t8","t15","medium","left","3","incongruent","diff",15242,1,0
"96","15be8be639f73575e8276054c7a645f0","6","novel_medium","Bear","Dog","t4","t2","t2","t4","t2","medium","right","4","incongruent","diff",13418,1,0
"97","15be8be639f73575e8276054c7a645f0","7","novel_medium","Cat","Frog","t14","t10","t10","t10","t10","medium","left","5","congruent","diff",15323,1,1
"98","15be8be639f73575e8276054c7a645f0","8","novel_medium","Bunny","Monkey","t6","t7","t6","t7","t7","medium","right","6","incongruent","same",13947,0,1
"99","15be8be639f73575e8276054c7a645f0","9","novel_medium","Beaver","Monkey","t12","t9","t12","t12","t12","medium","left","7","congruent","same",18500,1,1
"100","15be8be639f73575e8276054c7a645f0","10","novel_medium","Tiger","Monkey","t11","t17","t17","t17","t17","medium","right","8","congruent","diff",12347,1,1
"101","15f9e04e1c4e680b958494daa08f4fad","1","novel_medium","Elephant","Bear","bear","car","car","car","car","medium","left","train1","congruent","same",12288,1,1
"102","15f9e04e1c4e680b958494daa08f4fad","2","novel_medium","Pig","Bear","ball","duck","ball","ball","ball","medium","right","train2","congruent","same",10282,1,1
"103","15f9e04e1c4e680b958494daa08f4fad","3","novel_medium","Bunny","Bear","t5","t2","t5","t2","t5","medium","left","1","incongruent","same",14956,1,0
"104","15f9e04e1c4e680b958494daa08f4fad","4","novel_medium","Beaver","Bear","t1","t18","t18","t18","t1","medium","right","2","congruent","same",14550,0,0
"105","15f9e04e1c4e680b958494daa08f4fad","5","novel_medium","Frog","Bear","t4","t12","t12","t12","t12","medium","left","3","congruent","same",13564,1,1
"106","15f9e04e1c4e680b958494daa08f4fad","6","novel_medium","Monkey","Bear","t3","t13","t3","t13","t13","medium","right","4","incongruent","diff",13809,0,1
"107","15f9e04e1c4e680b958494daa08f4fad","7","novel_medium","Cat","Dog","t11","t16","t11","t16","t11","medium","left","5","incongruent","diff",10956,1,0
"108","15f9e04e1c4e680b958494daa08f4fad","8","novel_medium","Pig","Mouse","t17","t9","t17","t9","t9","medium","right","6","incongruent","same",13018,0,1
"109","15f9e04e1c4e680b958494daa08f4fad","9","novel_medium","Tiger","Mouse","t15","t8","t8","t8","t8","medium","left","7","congruent","diff",15321,1,1
"110","15f9e04e1c4e680b958494daa08f4fad","10","novel_medium","Elephant","Sheep","t7","t14","t14","t14","t14","medium","right","8","congruent","diff",12839,1,1
"111","171c44cca6886d7081fc3c1e7d715b6c","1","novel_medium","Elephant","Beaver","bear","car","car","car","car","medium","left","train1","congruent","same",7123,1,1
"112","171c44cca6886d7081fc3c1e7d715b6c","2","novel_medium","Pig","Beaver","ball","duck","ball","ball","ball","medium","right","train2","congruent","same",11321,1,1
"113","171c44cca6886d7081fc3c1e7d715b6c","3","novel_medium","Tiger","Beaver","t1","t2","t1","t2","t2","medium","left","1","incongruent","same",7909,0,1
"114","171c44cca6886d7081fc3c1e7d715b6c","4","novel_medium","Dog","Beaver","t16","t12","t12","t16","t12","medium","right","2","incongruent","same",7067,1,0
"115","171c44cca6886d7081fc3c1e7d715b6c","5","novel_medium","Monkey","Beaver","t4","t10","t4","t4","t10","medium","left","3","congruent","diff",8507,0,0
"116","171c44cca6886d7081fc3c1e7d715b6c","6","novel_medium","Mouse","Sheep","t14","t3","t3","t3","t3","medium","right","4","congruent","diff",9170,1,1
"117","171c44cca6886d7081fc3c1e7d715b6c","7","novel_medium","Bunny","Cat","t8","t6","t8","t6","t8","medium","left","5","incongruent","diff",8336,1,0
"118","171c44cca6886d7081fc3c1e7d715b6c","8","novel_medium","Elephant","Bear","t15","t11","t11","t11","t11","medium","left","6","congruent","same",7742,1,1
"119","171c44cca6886d7081fc3c1e7d715b6c","9","novel_medium","Frog","Bear","t7","t17","t17","t17","t17","medium","right","7","congruent","same",7401,1,1
"120","171c44cca6886d7081fc3c1e7d715b6c","10","novel_medium","Pig","Bear","t13","t9","t9","t13","t13","medium","right","8","incongruent","diff",9850,0,1
"121","1b97ec6f710650e32a3bcdb96996c033","1","novel_medium","Elephant","Mouse","bear","car","car","car","car","medium","left","train1","congruent","same",13791,1,1
"122","1b97ec6f710650e32a3bcdb96996c033","2","novel_medium","Pig","Mouse","ball","duck","ball","ball","ball","medium","right","train2","congruent","same",10396,1,1
"123","1b97ec6f710650e32a3bcdb96996c033","3","novel_medium","Frog","Mouse","t14","t5","t14","t14","t14","medium","right","1","congruent","diff",15434,1,1
"124","1b97ec6f710650e32a3bcdb96996c033","4","novel_medium","Bear","Dog","t3","t15","t3","t15","t3","medium","right","2","incongruent","diff",13814,1,0
"125","1b97ec6f710650e32a3bcdb96996c033","5","novel_medium","Elephant","Sheep","t18","t16","t16","t16","t16","medium","right","3","congruent","same",14053,1,1
"126","1b97ec6f710650e32a3bcdb96996c033","6","novel_medium","Bunny","Sheep","t12","t11","t11","t11","t11","medium","left","4","congruent","same",13418,1,1
"127","1b97ec6f710650e32a3bcdb96996c033","7","novel_medium","Beaver","Sheep","t8","t7","t7","t7","t7","medium","left","5","congruent","diff",12452,1,1
"128","1b97ec6f710650e32a3bcdb96996c033","8","novel_medium","Cat","Monkey","t9","t2","t9","t2","t2","medium","left","6","incongruent","same",13257,0,1
"129","1b97ec6f710650e32a3bcdb96996c033","9","novel_medium","Tiger","Monkey","t10","t6","t10","t6","t10","medium","left","7","incongruent","diff",12919,1,0
"130","1b97ec6f710650e32a3bcdb96996c033","10","novel_medium","Pig",NA,"t13","t4","t13","t4","t4","medium","right","8","incongruent","same",13477,0,1
"131","1ccf754aedf57a40a9fb8c5c913877c4","1","novel_medium","Elephant","Cat","bear","car","car","car","car","medium","left","train1","congruent","same",11853,1,1
"132","1ccf754aedf57a40a9fb8c5c913877c4","2","novel_medium","Pig","Cat","ball","duck","ball","ball","ball","medium","right","train2","congruent","same",9581,1,1
"133","1ccf754aedf57a40a9fb8c5c913877c4","3","novel_medium","Tiger","Cat","t10","t7","t10","t10","t10","medium","left","1","congruent","same",11523,1,1
"134","1ccf754aedf57a40a9fb8c5c913877c4","4","novel_medium","Beaver","Cat","t12","t6","t12","t12","t12","medium","right","2","congruent","same",7834,1,1
"135","1ccf754aedf57a40a9fb8c5c913877c4","5","novel_medium","Mouse","Cat","t15","t13","t13","t15","t15","medium","right","3","incongruent","same",7355,0,1
"136","1ccf754aedf57a40a9fb8c5c913877c4","6","novel_medium","Elephant","Cat","t14","t4","t4","t14","t4","medium","right","4","incongruent","diff",7943,1,0
"137","1ccf754aedf57a40a9fb8c5c913877c4","7","novel_medium","Monkey","Dog","t8","t5","t5","t5","t8","medium","left","5","congruent","diff",7205,0,0
"138","1ccf754aedf57a40a9fb8c5c913877c4","8","novel_medium","Pig","Sheep","t9","t11","t9","t11","t11","medium","left","6","incongruent","same",7867,0,1
"139","1ccf754aedf57a40a9fb8c5c913877c4","9","novel_medium","Bear","Sheep","t1","t2","t2","t2","t1","medium","right","7","congruent","diff",9549,0,0
"140","1ccf754aedf57a40a9fb8c5c913877c4","10","novel_medium","Frog","Bunny","t17","t3","t17","t3","t17","medium","left","8","incongruent","diff",11157,1,0
"141","1d6da283234b2988b0c763f4b469015e","1","novel_medium","Elephant","Beaver","bear","car","car","car","car","medium","left","train1","congruent","same",9543,1,1
"142","1d6da283234b2988b0c763f4b469015e","2","novel_medium","Pig","Beaver","ball","duck","ball","ball","ball","medium","right","train2","congruent","same",8301,1,1
"143","1d6da283234b2988b0c763f4b469015e","3","novel_medium","Elephant","Beaver","t10","t2","t2","t2","t2","medium","left","1","congruent","same",18500,1,1
"144","1d6da283234b2988b0c763f4b469015e","4","novel_medium","Tiger","Beaver","t17","t13","t17","t17","t17","medium","left","2","congruent","diff",13430,1,1
"145","1d6da283234b2988b0c763f4b469015e","5","novel_medium","Sheep","Mouse","t5","t14","t5","t14","t5","medium","left","3","incongruent","same",9186,1,0
"146","1d6da283234b2988b0c763f4b469015e","6","novel_medium","Dog","Mouse","t3","t1","t1","t3","t3","medium","left","4","incongruent","diff",7293,0,1
"147","1d6da283234b2988b0c763f4b469015e","7","novel_medium","Pig","Frog","t9","t6","t6","t6","t6","medium","right","5","congruent","same",15237,1,1
"148","1d6da283234b2988b0c763f4b469015e","8","novel_medium","Monkey","Frog","t7","t4","t4","t4","t4","medium","right","6","congruent","diff",11813,1,1
"149","1d6da283234b2988b0c763f4b469015e","9","novel_medium","Bear","Cat","t12","t11","t12","t11","t12","medium","right","7","incongruent","diff",14765,1,0
"150","1d6da283234b2988b0c763f4b469015e","10","novel_medium","Bunny",NA,"t8","t15","t8","t15","t15","medium","right","8","incongruent","same",7341,0,1
"151","20879fb8dfcf4af57e70ec7a5a18a514","1","novel_medium","Elephant","Sheep","bear","car","car","car","car","medium","left","train1","congruent","same",12854,1,1
"152","20879fb8dfcf4af57e70ec7a5a18a514","2","novel_medium","Pig","Sheep","ball","duck","ball","ball","ball","medium","right","train2","congruent","same",10109,1,1
"153","20879fb8dfcf4af57e70ec7a5a18a514","3","novel_medium","Cat","Sheep","t10","t9","t10","t9","t10","medium","right","1","incongruent","diff",13436,1,0
"154","20879fb8dfcf4af57e70ec7a5a18a514","4","novel_medium","Dog","Beaver","t15","t8","t15","t15","t15","medium","left","2","congruent","diff",13231,1,1
"155","20879fb8dfcf4af57e70ec7a5a18a514","5","novel_medium","Frog","Mouse","t3","t16","t3","t3","t3","medium","right","3","congruent","diff",15106,1,1
"156","20879fb8dfcf4af57e70ec7a5a18a514","6","novel_medium","Tiger","Bear","t14","t11","t14","t11","t11","medium","right","4","incongruent","same",13216,0,1
"157","20879fb8dfcf4af57e70ec7a5a18a514","7","novel_medium","Elephant","Bear","t12","t7","t12","t12","t12","medium","left","5","congruent","same",16378,1,1
"158","20879fb8dfcf4af57e70ec7a5a18a514","8","novel_medium","Pig","Bear","t2","t4","t2","t4","t4","medium","left","6","incongruent","diff",12566,0,1
"159","20879fb8dfcf4af57e70ec7a5a18a514","9","novel_medium","Bunny",NA,"t5","t6","t5","t5","t5","medium","right","7","congruent","same",13618,1,1
"160","20879fb8dfcf4af57e70ec7a5a18a514","10","novel_medium","Monkey",NA,"t18","t13","t18","t13","t13","medium","left","8","incongruent","same",13482,0,1
"161","2a4b94e7dcab34e8314827673b69c770","1","novel_medium","Elephant","Sheep","bear","car","car","car","car","medium","left","train1","congruent","same",11950,1,1
"162","2a4b94e7dcab34e8314827673b69c770","2","novel_medium","Pig","Sheep","ball","duck","ball","ball","ball","medium","right","train2","congruent","same",10557,1,1
"163","2a4b94e7dcab34e8314827673b69c770","3","novel_medium","Bunny","Sheep","t15","t1","t1","t15","t1","medium","left","1","incongruent","same",13891,1,0
"164","2a4b94e7dcab34e8314827673b69c770","4","novel_medium","Cat","Sheep","t16","t12","t12","t16","t16","medium","right","2","incongruent","same",13130,0,1
"165","2a4b94e7dcab34e8314827673b69c770","5","novel_medium","Bear","Sheep","t14","t7","t14","t14","t14","medium","right","3","congruent","diff",12786,1,1
"166","2a4b94e7dcab34e8314827673b69c770","6","novel_medium","Mouse","Frog","t2","t5","t2","t2","t2","medium","right","4","congruent","same",14085,1,1
"167","2a4b94e7dcab34e8314827673b69c770","7","novel_medium","Beaver","Frog","t10","t9","t10","t9","t10","medium","right","5","incongruent","diff",13358,1,0
"168","2a4b94e7dcab34e8314827673b69c770","8","novel_medium","Dog","Pig","t13","t4","t13","t13","t4","medium","left","6","congruent","same",12883,0,0
"169","2a4b94e7dcab34e8314827673b69c770","9","novel_medium","Monkey","Pig","t8","t3","t3","t8","t8","medium","left","7","incongruent","diff",13297,0,1
"170","2a4b94e7dcab34e8314827673b69c770","10","novel_medium","Tiger","Elephant","t11","t6","t11","t11","t11","medium","left","8","congruent","diff",13901,1,1
"171","2c5f8a2f47c2b6f724a09f447a18fcc9","1","novel_medium","Elephant","Bunny","bear","car","car","car","car","medium","left","train1","congruent","same",9805,1,1
"172","2c5f8a2f47c2b6f724a09f447a18fcc9","2","novel_medium","Pig","Bunny","ball","duck","ball","ball","ball","medium","right","train2","congruent","same",7406,1,1
"173","2c5f8a2f47c2b6f724a09f447a18fcc9","3","novel_medium","Dog","Bunny","t17","t18","t18","t17","t17","medium","right","1","incongruent","same",7644,0,1
"174","2c5f8a2f47c2b6f724a09f447a18fcc9","4","novel_medium","Frog","Bunny","t10","t8","t8","t8","t8","medium","right","2","congruent","same",7110,1,1
"175","2c5f8a2f47c2b6f724a09f447a18fcc9","5","novel_medium","Mouse","Bunny","t6","t11","t6","t6","t6","medium","right","3","congruent","diff",8212,1,1
"176","2c5f8a2f47c2b6f724a09f447a18fcc9","6","novel_medium","Tiger","Sheep","t12","t16","t12","t16","t12","medium","right","4","incongruent","diff",7203,1,0
"177","2c5f8a2f47c2b6f724a09f447a18fcc9","7","novel_medium","Pig","Monkey","t3","t2","t3","t3","t3","medium","left","5","congruent","same",11725,1,1
"178","2c5f8a2f47c2b6f724a09f447a18fcc9","8","novel_medium","Bear","Monkey","t5","t14","t5","t5","t5","medium","left","6","congruent","diff",7512,1,1
"179","2c5f8a2f47c2b6f724a09f447a18fcc9","9","novel_medium","Elephant","Beaver","t7","t13","t7","t13","t7","medium","left","7","incongruent","same",7079,1,0
"180","2c5f8a2f47c2b6f724a09f447a18fcc9","10","novel_medium","Cat","Beaver","t9","t1","t1","t9","t1","medium","left","8","incongruent","diff",7172,1,0
"181","2f1c127ccbc950b60f0e678e4bef18cd","1","novel_medium","Elephant","Frog","bear","car","car","car","car","medium","left","train1","congruent","same",12151,1,1
"182","2f1c127ccbc950b60f0e678e4bef18cd","2","novel_medium","Pig","Frog","ball","duck","ball","ball","ball","medium","right","train2","congruent","same",10371,1,1
"183","2f1c127ccbc950b60f0e678e4bef18cd","3","novel_medium","Beaver","Frog","t10","t18","t18","t10","t18","medium","right","1","incongruent","diff",14770,1,0
"184","2f1c127ccbc950b60f0e678e4bef18cd","4","novel_medium","Monkey","Bunny","t3","t16","t3","t3","t3","medium","left","2","congruent","same",14243,1,1
"185","2f1c127ccbc950b60f0e678e4bef18cd","5","novel_medium","Mouse","Bunny","t5","t15","t5","t15","t5","medium","left","3","incongruent","diff",14396,1,0
"186","2f1c127ccbc950b60f0e678e4bef18cd","6","novel_medium","Bear","Sheep","t17","t14","t17","t17","t17","medium","right","4","congruent","same",13820,1,1
"187","2f1c127ccbc950b60f0e678e4bef18cd","7","novel_medium","Tiger","Sheep","t6","t2","t6","t6","t6","medium","right","5","congruent","diff",14131,1,1
"188","2f1c127ccbc950b60f0e678e4bef18cd","8","novel_medium","Pig","Elephant","t4","t7","t7","t4","t4","medium","right","6","incongruent","same",14724,0,1
"189","2f1c127ccbc950b60f0e678e4bef18cd","9","novel_medium","Dog","Elephant","t8","t13","t13","t8","t8","medium","left","7","incongruent","same",13835,0,1
"190","2f1c127ccbc950b60f0e678e4bef18cd","10","novel_medium","Cat","Elephant","t9","t11","t9","t9","t9","medium","left","8","congruent","diff",15619,1,1
"191","357982e23c398ad82733cb681215156a","1","novel_medium","Elephant","Cat","bear","car","car","car","car","medium","left","train1","congruent","same",13715,1,1
"192","357982e23c398ad82733cb681215156a","2","novel_medium","Pig","Cat","ball","duck","ball","ball","ball","medium","right","train2","congruent","same",12331,1,1
"193","357982e23c398ad82733cb681215156a","3","novel_medium","Mouse","Cat","t4","t12","t4","t4","t4","medium","right","1","congruent","same",13769,1,1
"194","357982e23c398ad82733cb681215156a","4","novel_medium","Pig","Cat","t10","t13","t13","t10","t10","medium","left","2","incongruent","same",14047,0,1
"195","357982e23c398ad82733cb681215156a","5","novel_medium","Dog","Cat","t14","t2","t14","t14","t14","medium","right","3","congruent","diff",12906,1,1
"196","357982e23c398ad82733cb681215156a","6","novel_medium","Beaver","Elephant","t6","t9","t9","t9","t9","medium","left","4","congruent","same",7032,1,1
"197","357982e23c398ad82733cb681215156a","7","novel_medium","Bear","Elephant","t15","t8","t8","t15","t15","medium","left","5","incongruent","diff",9747,0,1
"198","357982e23c398ad82733cb681215156a","8","novel_medium","Monkey","Sheep","t7","t5","t7","t5","t5","medium","right","6","incongruent","diff",7917,0,1
"199","357982e23c398ad82733cb681215156a","9","novel_medium","Frog","Bunny","t18","t3","t3","t3","t3","medium","left","7","congruent","diff",7266,1,1
"200","357982e23c398ad82733cb681215156a","10","novel_medium","Tiger",NA,"t17","t16","t17","t16","t16","medium","right","8","incongruent","same",7147,0,1
"201","377ee17c7a30b8c94dabda2123cc5333","1","novel_medium","Elephant","Dog","bear","car","car","car","car","medium","left","train1","congruent","same",13650,1,1
"202","377ee17c7a30b8c94dabda2123cc5333","2","novel_medium","Pig","Dog","ball","duck","ball","ball","ball","medium","right","train2","congruent","same",9263,1,1
"203","377ee17c7a30b8c94dabda2123cc5333","3","novel_medium","Frog","Dog","t3","t11","t3","t11","t3","medium","right","1","incongruent","diff",12901,1,0
"204","377ee17c7a30b8c94dabda2123cc5333","4","novel_medium","Mouse","Bunny","t5","t14","t5","t5","t5","medium","right","2","congruent","diff",13832,1,1
"205","377ee17c7a30b8c94dabda2123cc5333","5","novel_medium","Beaver","Elephant","t18","t1","t18","t1","t18","medium","left","3","incongruent","same",13570,1,0
"206","377ee17c7a30b8c94dabda2123cc5333","6","novel_medium","Pig","Elephant","t4","t9","t9","t9","t9","medium","left","4","congruent","diff",13261,1,1
"207","377ee17c7a30b8c94dabda2123cc5333","7","novel_medium","Cat","Tiger","t12","t17","t12","t12","t12","medium","right","5","congruent","same",13093,1,1
"208","377ee17c7a30b8c94dabda2123cc5333","8","novel_medium","Monkey","Tiger","t13","t8","t8","t13","t8","medium","right","6","incongruent","same",12894,1,0
"209","377ee17c7a30b8c94dabda2123cc5333","9","novel_medium","Bear","Tiger","t7","t15","t7","t15","t7","medium","left","7","incongruent","diff",13120,1,0
"210","377ee17c7a30b8c94dabda2123cc5333","10","novel_medium","Sheep",NA,"t16","t10","t16","t16","t16","medium","left","8","congruent","same",12791,1,1
"211","3b004ec6ff36c09897c4929b259a58d4","1","novel_medium","Elephant","Sheep","bear","car","car","car","car","medium","left","train1","congruent","same",10102,1,1
"212","3b004ec6ff36c09897c4929b259a58d4","2","novel_medium","Pig","Sheep","ball","duck","ball","ball","ball","medium","right","train2","congruent","same",11611,1,1
"213","3b004ec6ff36c09897c4929b259a58d4","3","novel_medium","Pig","Sheep","t12","t4","t12","t4","t4","medium","left","1","incongruent","diff",14799,0,1
"214","3b004ec6ff36c09897c4929b259a58d4","4","novel_medium","Tiger","Frog","t8","t5","t8","t8","t5","medium","right","2","congruent","same",18269,0,0
"215","3b004ec6ff36c09897c4929b259a58d4","5","novel_medium","Beaver","Frog","t15","t7","t7","t7","t7","medium","left","3","congruent","same",13273,1,1
"216","3b004ec6ff36c09897c4929b259a58d4","6","novel_medium","Dog","Frog","t3","t18","t18","t18","t3","medium","left","4","congruent","diff",13346,0,0
"217","3b004ec6ff36c09897c4929b259a58d4","7","novel_medium","Monkey","Cat","t13","t1","t1","t13","t13","medium","left","5","incongruent","same",12814,0,1
"218","3b004ec6ff36c09897c4929b259a58d4","8","novel_medium","Bunny","Cat","t17","t11","t11","t17","t11","medium","right","6","incongruent","diff",13951,1,0
"219","3b004ec6ff36c09897c4929b259a58d4","9","novel_medium","Mouse","Elephant","t9","t6","t9","t6","t6","medium","right","7","incongruent","same",13766,0,1
"220","3b004ec6ff36c09897c4929b259a58d4","10","novel_medium","Bear","Elephant","t14","t2","t2","t2","t2","medium","right","8","congruent","diff",14636,1,1
"221","460bf08250a4e22f792c313477ce6636","1","novel_medium","Elephant","Frog","bear","car","car","car","car","medium","left","train1","congruent","same",10437,1,1
"222","460bf08250a4e22f792c313477ce6636","2","novel_medium","Pig","Frog","ball","duck","ball","ball","ball","medium","right","train2","congruent","same",7111,1,1
"223","460bf08250a4e22f792c313477ce6636","3","novel_medium","Tiger","Frog","t14","t13","t14","t13","t14","medium","right","1","incongruent","same",11353,1,0
"224","460bf08250a4e22f792c313477ce6636","4","novel_medium","Mouse","Frog","t8","t3","t8","t8","t8","medium","right","2","congruent","same",7608,1,1
"225","460bf08250a4e22f792c313477ce6636","5","novel_medium","Cat","Frog","t12","t18","t12","t12","t12","medium","right","3","congruent","diff",7116,1,1
"226","460bf08250a4e22f792c313477ce6636","6","novel_medium","Dog","Monkey","t10","t2","t10","t10","t2","medium","left","4","congruent","same",7019,0,0
"227","460bf08250a4e22f792c313477ce6636","7","novel_medium","Pig","Monkey","t6","t17","t17","t6","t6","medium","right","5","incongruent","diff",7007,0,1
"228","460bf08250a4e22f792c313477ce6636","8","novel_medium","Bunny","Sheep","t5","t16","t16","t16","t16","medium","left","6","congruent","diff",10284,1,1
"229","460bf08250a4e22f792c313477ce6636","9","novel_medium","Elephant","Bear","t4","t11","t11","t4","t11","medium","left","7","incongruent","same",7750,1,0
"230","460bf08250a4e22f792c313477ce6636","10","novel_medium","Beaver","Bear","t9","t7","t9","t7","t7","medium","left","8","incongruent","diff",8353,0,1
"231","47508ab2cce390ab5aafe4b4efcae0e6","1","novel_medium","Elephant","Cat","bear","car","car","car","car","medium","left","train1","congruent","same",13305,1,1
"232","47508ab2cce390ab5aafe4b4efcae0e6","2","novel_medium","Pig","Cat","ball","duck","ball","ball","ball","medium","right","train2","congruent","same",17161,1,1
"233","47508ab2cce390ab5aafe4b4efcae0e6","3","novel_medium","Dog","Cat","t6","t5","t5","t5","t5","medium","left","1","congruent","diff",14973,1,1
"234","47508ab2cce390ab5aafe4b4efcae0e6","4","novel_medium","Sheep","Frog","t12","t3","t12","t12","t12","medium","right","2","congruent","diff",13813,1,1
"235","47508ab2cce390ab5aafe4b4efcae0e6","5","novel_medium","Bear","Mouse","t10","t11","t11","t10","t11","medium","left","3","incongruent","diff",15278,1,0
"236","47508ab2cce390ab5aafe4b4efcae0e6","6","novel_medium","Pig","Elephant","t1","t4","t4","t1","t1","medium","left","4","incongruent","same",12612,0,1
"237","47508ab2cce390ab5aafe4b4efcae0e6","7","novel_medium","Tiger","Elephant","t16","t18","t18","t18","t18","medium","right","5","congruent","same",12878,1,1
"238","47508ab2cce390ab5aafe4b4efcae0e6","8","novel_medium","Beaver","Elephant","t13","t14","t14","t13","t13","medium","right","6","incongruent","same",12923,0,1
"239","47508ab2cce390ab5aafe4b4efcae0e6","9","novel_medium","Bunny","Elephant","t9","t8","t9","t8","t9","medium","right","7","incongruent","diff",12877,1,0
"240","47508ab2cce390ab5aafe4b4efcae0e6","10","novel_medium","Monkey",NA,"t2","t15","t2","t2","t2","medium","left","8","congruent","same",15989,1,1
"241","479386743bc52664f1a7867ecaf53288","1","novel_medium","Elephant","Cat","bear","car","car","car","car","medium","left","train1","congruent","same",13897,1,1
"242","479386743bc52664f1a7867ecaf53288","2","novel_medium","Pig","Cat","ball","duck","ball","ball","ball","medium","right","train2","congruent","same",11362,1,1
"243","479386743bc52664f1a7867ecaf53288","3","novel_medium","Beaver","Cat","t6","t8","t8","t8","t6","medium","right","1","congruent","diff",17892,0,0
"244","479386743bc52664f1a7867ecaf53288","4","novel_medium","Frog","Sheep","t10","t12","t12","t10","t12","medium","left","2","incongruent","diff",17105,1,0
"245","479386743bc52664f1a7867ecaf53288","5","novel_medium","Bunny","Pig","t2","t9","t2","t2","t2","medium","right","3","congruent","same",13710,1,1
"246","479386743bc52664f1a7867ecaf53288","6","novel_medium","Dog","Pig","t15","t17","t17","t15","t17","medium","right","4","incongruent","diff",20213,1,0
"247","479386743bc52664f1a7867ecaf53288","7","novel_medium","Bear","Elephant","t5","t4","t4","t5","t5","medium","right","5","incongruent","same",17609,0,1
"248","479386743bc52664f1a7867ecaf53288","8","novel_medium","Mouse","Elephant","t3","t11","t11","t11","t11","medium","left","6","congruent","diff",21401,1,1
"249","479386743bc52664f1a7867ecaf53288","9","novel_medium","Monkey",NA,"t7","t14","t14","t7","t7","medium","left","7","incongruent","same",18113,0,1
"250","479386743bc52664f1a7867ecaf53288","10","novel_medium","Tiger",NA,"t1","t13","t13","t13","t13","medium","left","8","congruent","same",15779,1,1
"251","49f40aca0a094342de85b5c9a5781a27","1","novel_medium","Elephant","Elephant","bear","car","car","car","car","medium","left","train1","congruent","same",12877,1,1
"252","49f40aca0a094342de85b5c9a5781a27","2","novel_medium","Pig","Elephant","ball","duck","ball","ball","ball","medium","right","train2","congruent","same",10343,1,1
"253","49f40aca0a094342de85b5c9a5781a27","3","novel_medium","Beaver","Elephant","t13","t10","t10","t13","t10","medium","left","1","incongruent","diff",14815,1,0
"254","49f40aca0a094342de85b5c9a5781a27","4","novel_medium","Frog","Sheep","t14","t11","t11","t11","t11","medium","left","2","congruent","same",13760,1,1
"255","49f40aca0a094342de85b5c9a5781a27","5","novel_medium","Tiger","Sheep","t9","t12","t9","t9","t9","medium","left","3","congruent","diff",12847,1,1
"256","49f40aca0a094342de85b5c9a5781a27","6","novel_medium","Bunny","Cat","t6","t1","t1","t1","t6","medium","right","4","congruent","same",14489,0,0
"257","49f40aca0a094342de85b5c9a5781a27","7","novel_medium","Dog","Cat","t17","t15","t17","t17","t17","medium","right","5","congruent","diff",14888,1,1
"258","49f40aca0a094342de85b5c9a5781a27","8","novel_medium","Pig","Mouse","t3","t5","t5","t3","t5","medium","right","6","incongruent","diff",14931,1,0
"259","49f40aca0a094342de85b5c9a5781a27","9","novel_medium","Monkey",NA,"t4","t2","t2","t4","t4","medium","left","7","incongruent","same",20332,0,1
"260","49f40aca0a094342de85b5c9a5781a27","10","novel_medium","Bear",NA,"t16","t18","t18","t16","t16","medium","right","8","incongruent","same",12533,0,1
"261","4ef57c95a7f59f389c4d481182208a9b","1","novel_medium","Elephant","Dog","bear","car","car","car","car","medium","left","train1","congruent","same",11361,1,1
"262","4ef57c95a7f59f389c4d481182208a9b","2","novel_medium","Pig","Dog","ball","duck","ball","ball","ball","medium","right","train2","congruent","same",7299,1,1
"263","4ef57c95a7f59f389c4d481182208a9b","3","novel_medium","Elephant","Dog","t4","t15","t15","t15","t15","medium","left","1","congruent","diff",9007,1,1
"264","4ef57c95a7f59f389c4d481182208a9b","4","novel_medium","Frog","Bear","t5","t6","t5","t6","t5","medium","right","2","incongruent","same",7392,1,0
"265","4ef57c95a7f59f389c4d481182208a9b","5","novel_medium","Monkey","Bear","t12","t3","t3","t12","t3","medium","right","3","incongruent","diff",8475,1,0
"266","4ef57c95a7f59f389c4d481182208a9b","6","novel_medium","Mouse","Beaver","t13","t18","t13","t13","t13","medium","right","4","congruent","diff",7648,1,1
"267","4ef57c95a7f59f389c4d481182208a9b","7","novel_medium","Cat","Sheep","t7","t9","t9","t7","t9","medium","left","5","incongruent","diff",13124,1,0
"268","4ef57c95a7f59f389c4d481182208a9b","8","novel_medium","Bunny",NA,"t8","t2","t2","t2","t2","medium","right","6","congruent","same",7311,1,1
"269","4ef57c95a7f59f389c4d481182208a9b","9","novel_medium","Pig",NA,"t11","t1","t1","t11","t11","medium","left","7","incongruent","same",7507,0,1
"270","4ef57c95a7f59f389c4d481182208a9b","10","novel_medium","Tiger",NA,"t10","t14","t14","t14","t14","medium","left","8","congruent","same",7559,1,1
"271","53424f25a069f335a4b3584592c82881","1","novel_medium","Elephant","Tiger","bear","car","car","car","car","medium","left","train1","congruent","same",10621,1,1
"272","53424f25a069f335a4b3584592c82881","2","novel_medium","Pig","Tiger","ball","duck","ball","ball","ball","medium","right","train2","congruent","same",7803,1,1
"273","53424f25a069f335a4b3584592c82881","3","novel_medium","Beaver","Tiger","t3","t13","t3","t3","t3","medium","right","1","congruent","same",10507,1,1
"274","53424f25a069f335a4b3584592c82881","4","novel_medium","Frog","Tiger","t15","t18","t18","t15","t18","medium","left","2","incongruent","same",7776,1,0
"275","53424f25a069f335a4b3584592c82881","5","novel_medium","Mouse","Tiger","t10","t2","t2","t2","t2","medium","left","3","congruent","same",22346,1,1
"276","53424f25a069f335a4b3584592c82881","6","novel_medium","Sheep","Tiger","t14","t4","t4","t14","t14","medium","right","4","incongruent","same",26159,0,1
"277","53424f25a069f335a4b3584592c82881","7","novel_medium","Cat","Tiger","t17","t1","t1","t17","t1","medium","left","5","incongruent","diff",26178,1,0
"278","53424f25a069f335a4b3584592c82881","8","novel_medium","Bunny","Dog","t8","t16","t16","t16","t8","medium","right","6","congruent","diff",14263,0,0
"279","53424f25a069f335a4b3584592c82881","9","novel_medium","Bear","Pig","t7","t11","t7","t11","t7","medium","right","7","incongruent","diff",7539,1,0
"280","53424f25a069f335a4b3584592c82881","10","novel_medium","Elephant","Monkey","t9","t5","t5","t5","t5","medium","left","8","congruent","diff",10434,1,1
"281","54158d78404947cbf93f22515a1cc856","1","novel_medium","Elephant","Elephant","bear","car","car","car","car","medium","left","train1","congruent","same",10990,1,1
"282","54158d78404947cbf93f22515a1cc856","2","novel_medium","Pig","Elephant","ball","duck","ball","ball","ball","medium","right","train2","congruent","same",8281,1,1
"283","54158d78404947cbf93f22515a1cc856","3","novel_medium","Beaver","Elephant","t12","t18","t12","t18","t12","medium","right","1","incongruent","same",14879,1,0
"284","54158d78404947cbf93f22515a1cc856","4","novel_medium","Tiger","Elephant","t11","t9","t9","t11","t11","medium","right","2","incongruent","diff",13591,0,1
"285","54158d78404947cbf93f22515a1cc856","5","novel_medium","Monkey","Cat","t3","t7","t3","t3","t7","medium","left","3","congruent","same",9339,0,0
"286","54158d78404947cbf93f22515a1cc856","6","novel_medium","Bunny","Cat","t10","t15","t15","t15","t15","medium","right","4","congruent","same",10045,1,1
"287","54158d78404947cbf93f22515a1cc856","7","novel_medium","Bear","Cat","t5","t17","t5","t17","t5","medium","left","5","incongruent","diff",9291,1,0
"288","54158d78404947cbf93f22515a1cc856","8","novel_medium","Mouse","Frog","t6","t13","t13","t13","t13","medium","left","6","congruent","diff",7376,1,1
"289","54158d78404947cbf93f22515a1cc856","9","novel_medium","Dog","Sheep","t8","t4","t8","t8","t4","medium","right","7","congruent","diff",7337,0,0
"290","54158d78404947cbf93f22515a1cc856","10","novel_medium","Pig",NA,"t2","t14","t2","t14","t14","medium","left","8","incongruent","same",14175,0,1
"291","5b39a7f29c8422a9a2fe0470487ab424","1","novel_medium","Elephant","Elephant","bear","car","car","car","car","medium","left","train1","congruent","same",13314,1,1
"292","5b39a7f29c8422a9a2fe0470487ab424","2","novel_medium","Pig","Elephant","ball","duck","ball","ball","ball","medium","right","train2","congruent","same",9651,1,1
"293","5b39a7f29c8422a9a2fe0470487ab424","3","novel_medium","Bear","Elephant","t3","t18","t18","t3","t18","medium","left","1","incongruent","diff",13550,1,0
"294","5b39a7f29c8422a9a2fe0470487ab424","4","novel_medium","Cat","Sheep","t10","t11","t11","t10","t11","medium","right","2","incongruent","diff",13700,1,0
"295","5b39a7f29c8422a9a2fe0470487ab424","5","novel_medium","Pig","Monkey","t7","t16","t16","t16","t16","medium","right","3","congruent","diff",13740,1,1
"296","5b39a7f29c8422a9a2fe0470487ab424","6","novel_medium","Bunny","Tiger","t17","t6","t6","t17","t6","medium","left","4","incongruent","same",13743,1,0
"297","5b39a7f29c8422a9a2fe0470487ab424","7","novel_medium","Dog","Tiger","t15","t12","t12","t15","t12","medium","right","5","incongruent","same",12965,1,0
"298","5b39a7f29c8422a9a2fe0470487ab424","8","novel_medium","Beaver","Tiger","t8","t4","t8","t8","t4","medium","right","6","congruent","same",12355,0,0
"299","5b39a7f29c8422a9a2fe0470487ab424","9","novel_medium","Mouse","Tiger","t9","t2","t9","t9","t9","medium","left","7","congruent","same",14704,1,1
"300","5b39a7f29c8422a9a2fe0470487ab424","10","novel_medium","Frog","Tiger","t13","t1","t1","t1","t1","medium","left","8","congruent","diff",13700,1,1
"301","5f36785806dc4872fd26db25dac390e0","1","novel_medium","Elephant","Pig","bear","car","car","car","car","medium","left","train1","congruent","same",11548,1,1
"302","5f36785806dc4872fd26db25dac390e0","2","novel_medium","Pig","Pig","ball","duck","ball","ball","ball","medium","right","train2","congruent","same",8333,1,1
"303","5f36785806dc4872fd26db25dac390e0","3","novel_medium","Monkey","Pig","t3","t13","t3","t13","t3","medium","left","1","incongruent","diff",12215,1,0
"304","5f36785806dc4872fd26db25dac390e0","4","novel_medium","Tiger","Cat","t17","t9","t17","t9","t17","medium","right","2","incongruent","diff",7534,1,0
"305","5f36785806dc4872fd26db25dac390e0","5","novel_medium","Dog","Beaver","t10","t18","t10","t10","t10","medium","right","3","congruent","same",7922,1,1
"306","5f36785806dc4872fd26db25dac390e0","6","novel_medium","Bunny","Beaver","t5","t12","t12","t12","t12","medium","left","4","congruent","diff",12481,1,1
"307","5f36785806dc4872fd26db25dac390e0","7","novel_medium","Elephant","Sheep","t6","t7","t7","t6","t7","medium","right","5","incongruent","same",13989,1,0
"308","5f36785806dc4872fd26db25dac390e0","8","novel_medium","Bear","Sheep","t15","t4","t4","t15","t4","medium","left","6","incongruent","same",11890,1,0
"309","5f36785806dc4872fd26db25dac390e0","9","novel_medium","Frog","Sheep","t2","t11","t2","t2","t2","medium","left","7","congruent","same",13205,1,1
"310","5f36785806dc4872fd26db25dac390e0","10","novel_medium","Mouse","Sheep","t16","t14","t14","t14","t14","medium","right","8","congruent","diff",10405,1,1
"311","63bc11dca5f02fcdeace287ea44ed7cf","1","novel_medium","Elephant","Beaver","bear","car","car","car","bear","medium","left","train1","congruent","same",17365,0,0
"312","63bc11dca5f02fcdeace287ea44ed7cf","2","novel_medium","Pig","Beaver","ball","duck","ball","ball","duck","medium","right","train2","congruent","same",7546,0,0
"313","63bc11dca5f02fcdeace287ea44ed7cf","3","novel_medium","Cat","Beaver","t10","t18","t18","t18","t10","medium","right","1","congruent","same",8364,0,0
"314","63bc11dca5f02fcdeace287ea44ed7cf","4","novel_medium","Elephant","Beaver","t5","t11","t5","t5","t5","medium","left","2","congruent","diff",8946,1,1
"315","63bc11dca5f02fcdeace287ea44ed7cf","5","novel_medium","Pig","Tiger","t3","t2","t3","t2","t3","medium","right","3","incongruent","diff",9128,1,0
"316","63bc11dca5f02fcdeace287ea44ed7cf","6","novel_medium","Monkey","Sheep","t6","t1","t1","t1","t1","medium","left","4","congruent","same",11643,1,1
"317","63bc11dca5f02fcdeace287ea44ed7cf","7","novel_medium","Bear","Sheep","t17","t12","t17","t12","t17","medium","left","5","incongruent","same",7258,1,0
"318","63bc11dca5f02fcdeace287ea44ed7cf","8","novel_medium","Bunny","Sheep","t15","t8","t8","t15","t15","medium","left","6","incongruent","diff",8686,0,1
"319","63bc11dca5f02fcdeace287ea44ed7cf","9","novel_medium","Dog","Frog","t9","t13","t9","t13","t9","medium","right","7","incongruent","same",9690,1,0
"320","63bc11dca5f02fcdeace287ea44ed7cf","10","novel_medium","Mouse","Frog","t14","t4","t14","t14","t4","medium","right","8","congruent","diff",10256,0,0
"321","6e6414c8cc07d8a75bd4abe9d890a93f","1","novel_medium","Elephant","Cat","bear","car","car","car","car","medium","left","train1","congruent","same",11362,1,1
"322","6e6414c8cc07d8a75bd4abe9d890a93f","2","novel_medium","Pig","Cat","ball","duck","ball","ball","ball","medium","right","train2","congruent","same",10050,1,1
"323","6e6414c8cc07d8a75bd4abe9d890a93f","3","novel_medium","Pig","Cat","t1","t8","t8","t8","t8","medium","right","1","congruent","diff",12034,1,1
"324","6e6414c8cc07d8a75bd4abe9d890a93f","4","novel_medium","Elephant","Beaver","t2","t12","t2","t12","t12","medium","left","2","incongruent","same",14162,0,1
"325","6e6414c8cc07d8a75bd4abe9d890a93f","5","novel_medium","Frog","Beaver","t3","t10","t3","t3","t3","medium","left","3","congruent","diff",12969,1,1
"326","6e6414c8cc07d8a75bd4abe9d890a93f","6","novel_medium","Bunny","Sheep","t5","t14","t5","t14","t14","medium","right","4","incongruent","same",9129,0,1
"327","6e6414c8cc07d8a75bd4abe9d890a93f","7","novel_medium","Mouse","Sheep","t4","t9","t4","t9","t4","medium","left","5","incongruent","diff",11297,1,0
"328","6e6414c8cc07d8a75bd4abe9d890a93f","8","novel_medium","Dog","Bear","t6","t15","t6","t15","t6","medium","right","6","incongruent","diff",12529,1,0
"329","6e6414c8cc07d8a75bd4abe9d890a93f","9","novel_medium","Monkey",NA,"t7","t16","t7","t7","t7","medium","left","7","congruent","same",10362,1,1
"330","6e6414c8cc07d8a75bd4abe9d890a93f","10","novel_medium","Tiger",NA,"t11","t17","t11","t11","t11","medium","right","8","congruent","same",9177,1,1
"331","77fad7ce57630e6849392eee17ddf0f7","1","novel_medium","Elephant","Cat","bear","car","car","car","car","medium","left","train1","congruent","same",9301,1,1
"332","77fad7ce57630e6849392eee17ddf0f7","2","novel_medium","Pig","Cat","ball","duck","ball","ball","ball","medium","right","train2","congruent","same",8195,1,1
"333","77fad7ce57630e6849392eee17ddf0f7","3","novel_medium","Bear","Cat","t4","t2","t4","t4","t4","medium","right","1","congruent","same",13658,1,1
"334","77fad7ce57630e6849392eee17ddf0f7","4","novel_medium","Beaver","Cat","t9","t11","t11","t9","t9","medium","right","2","incongruent","same",14670,0,1
"335","77fad7ce57630e6849392eee17ddf0f7","5","novel_medium","Tiger","Cat","t14","t5","t14","t5","t5","medium","left","3","incongruent","same",12273,0,1
"336","77fad7ce57630e6849392eee17ddf0f7","6","novel_medium","Pig","Cat","t16","t10","t16","t16","t16","medium","left","4","congruent","same",14251,1,1
"337","77fad7ce57630e6849392eee17ddf0f7","7","novel_medium","Elephant","Cat","t6","t13","t13","t6","t13","medium","right","5","incongruent","diff",11610,1,0
"338","77fad7ce57630e6849392eee17ddf0f7","8","novel_medium","Frog","Sheep","t7","t8","t8","t8","t8","medium","right","6","congruent","diff",11123,1,1
"339","77fad7ce57630e6849392eee17ddf0f7","9","novel_medium","Bunny","Monkey","t3","t18","t3","t3","t3","medium","left","7","congruent","diff",7667,1,1
"340","77fad7ce57630e6849392eee17ddf0f7","10","novel_medium","Mouse","Dog","t15","t17","t17","t15","t15","medium","left","8","incongruent","diff",8499,0,1
"341","780d483faad363edfbdd374070997a91","1","novel_medium","Elephant","Sheep","bear","car","car","car","car","medium","left","train1","congruent","same",12321,1,1
"342","780d483faad363edfbdd374070997a91","2","novel_medium","Pig","Sheep","ball","duck","ball","ball","ball","medium","right","train2","congruent","same",10129,1,1
"343","780d483faad363edfbdd374070997a91","3","novel_medium","Elephant","Sheep","t4","t16","t4","t4","t4","medium","left","1","congruent","same",13667,1,1
"344","780d483faad363edfbdd374070997a91","4","novel_medium","Pig","Sheep","t2","t8","t8","t2","t8","medium","left","2","incongruent","diff",13143,1,0
"345","780d483faad363edfbdd374070997a91","5","novel_medium","Mouse","Bunny","t1","t9","t1","t9","t9","medium","left","3","incongruent","same",15133,0,1
"346","780d483faad363edfbdd374070997a91","6","novel_medium","Monkey","Bunny","t7","t10","t10","t10","t7","medium","left","4","congruent","diff",13213,0,0
"347","780d483faad363edfbdd374070997a91","7","novel_medium","Dog","Beaver","t3","t15","t15","t3","t15","medium","right","5","incongruent","diff",12042,1,0
"348","780d483faad363edfbdd374070997a91","8","novel_medium","Frog","Cat","t13","t12","t13","t13","t12","medium","right","6","congruent","diff",12940,0,0
"349","780d483faad363edfbdd374070997a91","9","novel_medium","Tiger",NA,"t6","t11","t6","t6","t6","medium","right","7","congruent","same",13078,1,1
"350","780d483faad363edfbdd374070997a91","10","novel_medium","Bear",NA,"t5","t18","t5","t18","t18","medium","right","8","incongruent","same",11881,0,1
"351","78d53a4d41625da416ff73b2484eac70","1","novel_medium","Elephant","Sheep","bear","car","car","car","bear","medium","left","train1","congruent","same",14450,0,0
"352","78d53a4d41625da416ff73b2484eac70","2","novel_medium","Pig","Sheep","ball","duck","ball","ball","ball","medium","right","train2","congruent","same",16311,1,1
"353","78d53a4d41625da416ff73b2484eac70","3","novel_medium","Bear","Sheep","t5","t2","t5","t5","t2","medium","right","1","congruent","same",25403,0,0
"354","78d53a4d41625da416ff73b2484eac70","4","novel_medium","Cat","Sheep","t13","t9","t13","t9","t13","medium","right","2","incongruent","diff",8171,1,0
"355","78d53a4d41625da416ff73b2484eac70","5","novel_medium","Elephant","Bunny","t10","t17","t10","t17","t10","medium","left","3","incongruent","same",19345,1,0
"356","78d53a4d41625da416ff73b2484eac70","6","novel_medium","Tiger","Bunny","t6","t11","t6","t11","t6","medium","right","4","incongruent","same",7114,1,0
"357","78d53a4d41625da416ff73b2484eac70","7","novel_medium","Dog","Bunny","t12","t14","t14","t14","t14","medium","left","5","congruent","diff",13802,1,1
"358","78d53a4d41625da416ff73b2484eac70","8","novel_medium","Pig","Mouse","t3","t18","t3","t3","t3","medium","left","6","congruent","same",15550,1,1
"359","78d53a4d41625da416ff73b2484eac70","9","novel_medium","Frog","Mouse","t8","t16","t8","t16","t16","medium","left","7","incongruent","diff",7102,0,1
"360","78d53a4d41625da416ff73b2484eac70","10","novel_medium","Monkey","Beaver","t7","t4","t7","t7","t7","medium","right","8","congruent","diff",8186,1,1
"361","7c92f6a430ee83a99851014ceeced3a3","1","novel_medium","Elephant","Bear","bear","car","car","car","car","medium","left","train1","congruent","same",12591,1,1
"362","7c92f6a430ee83a99851014ceeced3a3","2","novel_medium","Pig","Bear","ball","duck","ball","ball","ball","medium","right","train2","congruent","same",10676,1,1
"363","7c92f6a430ee83a99851014ceeced3a3","3","novel_medium","Dog","Bear","t6","t18","t6","t18","t6","medium","left","1","incongruent","diff",18696,1,0
"364","7c92f6a430ee83a99851014ceeced3a3","4","novel_medium","Frog","Elephant","t5","t11","t5","t11","t5","medium","right","2","incongruent","diff",15463,1,0
"365","7c92f6a430ee83a99851014ceeced3a3","5","novel_medium","Monkey","Cat","t16","t15","t15","t15","t16","medium","left","3","congruent","same",26725,0,0
"366","7c92f6a430ee83a99851014ceeced3a3","6","novel_medium","Mouse","Cat","t10","t8","t10","t10","t10","medium","right","4","congruent","same",17503,1,1
"367","7c92f6a430ee83a99851014ceeced3a3","7","novel_medium","Bunny","Cat","t13","t2","t13","t2","t2","medium","right","5","incongruent","same",17727,0,1
"368","7c92f6a430ee83a99851014ceeced3a3","8","novel_medium","Pig","Cat","t4","t7","t4","t7","t7","medium","left","6","incongruent","same",16398,0,1
"369","7c92f6a430ee83a99851014ceeced3a3","9","novel_medium","Sheep","Cat","t12","t3","t3","t3","t12","medium","left","7","congruent","diff",21135,0,0
"370","7c92f6a430ee83a99851014ceeced3a3","10","novel_medium","Tiger","Beaver","t9","t17","t9","t9","t17","medium","right","8","congruent","diff",15276,0,0
"371","7e3cdd57cfd6c548714f70ed804b2d4f","1","novel_medium","Elephant","Frog","bear","car","car","car","car","medium","left","train1","congruent","same",11900,1,1
"372","7e3cdd57cfd6c548714f70ed804b2d4f","2","novel_medium","Pig","Frog","ball","duck","ball","ball","ball","medium","right","train2","congruent","same",10867,1,1
"373","7e3cdd57cfd6c548714f70ed804b2d4f","3","novel_medium","Mouse","Frog","t4","t2","t4","t4","t4","medium","left","1","congruent","same",16353,1,1
"374","7e3cdd57cfd6c548714f70ed804b2d4f","4","novel_medium","Dog","Frog","t17","t10","t17","t10","t17","medium","left","2","incongruent","same",14273,1,0
"375","7e3cdd57cfd6c548714f70ed804b2d4f","5","novel_medium","Pig","Frog","t11","t16","t11","t11","t11","medium","right","3","congruent","diff",13784,1,1
"376","7e3cdd57cfd6c548714f70ed804b2d4f","6","novel_medium","Tiger","Bunny","t7","t12","t12","t12","t12","medium","left","4","congruent","diff",13550,1,1
"377","7e3cdd57cfd6c548714f70ed804b2d4f","7","novel_medium","Sheep","Cat","t8","t15","t15","t8","t15","medium","right","5","incongruent","same",23223,1,0
"378","7e3cdd57cfd6c548714f70ed804b2d4f","8","novel_medium","Bear","Cat","t5","t9","t5","t9","t5","medium","left","6","incongruent","diff",13070,1,0
"379","7e3cdd57cfd6c548714f70ed804b2d4f","9","novel_medium","Beaver","Elephant","t14","t13","t13","t13","t13","medium","right","7","congruent","same",12840,1,1
"380","7e3cdd57cfd6c548714f70ed804b2d4f","10","novel_medium","Monkey","Elephant","t1","t6","t6","t1","t6","medium","right","8","incongruent","diff",14548,1,0
"381","85b7be5fa20c0c291ae4bcb77ed9b97d","1","novel_medium","Elephant","Tiger","bear","car","car","car","car","medium","left","train1","congruent","same",13426,1,1
"382","85b7be5fa20c0c291ae4bcb77ed9b97d","2","novel_medium","Pig","Tiger","ball","duck","ball","ball","ball","medium","right","train2","congruent","same",9168,1,1
"383","85b7be5fa20c0c291ae4bcb77ed9b97d","3","novel_medium","Mouse","Tiger","t2","t10","t2","t2","t2","medium","right","1","congruent","same",13272,1,1
"384","85b7be5fa20c0c291ae4bcb77ed9b97d","4","novel_medium","Monkey","Tiger","t1","t6","t6","t1","t1","medium","left","2","incongruent","same",12956,0,1
"385","85b7be5fa20c0c291ae4bcb77ed9b97d","5","novel_medium","Pig","Tiger","t8","t11","t8","t8","t8","medium","left","3","congruent","diff",13236,1,1
"386","85b7be5fa20c0c291ae4bcb77ed9b97d","6","novel_medium","Elephant","Beaver","t5","t12","t12","t5","t12","medium","left","4","incongruent","diff",7063,1,0
"387","85b7be5fa20c0c291ae4bcb77ed9b97d","7","novel_medium","Bunny","Sheep","t3","t13","t13","t13","t13","medium","left","5","congruent","same",7349,1,1
"388","85b7be5fa20c0c291ae4bcb77ed9b97d","8","novel_medium","Dog","Sheep","t4","t16","t4","t16","t4","medium","right","6","incongruent","same",7077,1,0
"389","85b7be5fa20c0c291ae4bcb77ed9b97d","9","novel_medium","Frog","Sheep","t9","t14","t14","t14","t9","medium","right","7","congruent","diff",12067,0,0
"390","85b7be5fa20c0c291ae4bcb77ed9b97d","10","novel_medium","Bear","Cat","t7","t15","t15","t7","t7","medium","right","8","incongruent","diff",14258,0,1
"391","8a945d2ac06cb541b054c3457fc79051","1","novel_medium","Elephant","Dog","bear","car","car","car","car","medium","left","train1","congruent","same",7579,1,1
"392","8a945d2ac06cb541b054c3457fc79051","2","novel_medium","Pig","Dog","ball","duck","ball","ball","ball","medium","right","train2","congruent","same",7323,1,1
"393","8a945d2ac06cb541b054c3457fc79051","3","novel_medium","Frog","Dog","t18","t8","t8","t8","t8","medium","left","1","congruent","same",13098,1,1
"394","8a945d2ac06cb541b054c3457fc79051","4","novel_medium","Sheep","Dog","t3","t5","t3","t5","t3","medium","right","2","incongruent","same",14762,1,0
"395","8a945d2ac06cb541b054c3457fc79051","5","novel_medium","Elephant","Dog","t15","t2","t2","t15","t15","medium","right","3","incongruent","diff",14602,0,1
"396","8a945d2ac06cb541b054c3457fc79051","6","novel_medium","Bear","Mouse","t4","t12","t4","t4","t4","medium","right","4","congruent","same",15817,1,1
"397","8a945d2ac06cb541b054c3457fc79051","7","novel_medium","Tiger","Mouse","t13","t6","t13","t6","t6","medium","left","5","incongruent","same",14138,0,1
"398","8a945d2ac06cb541b054c3457fc79051","8","novel_medium","Cat","Mouse","t11","t16","t16","t11","t16","medium","left","6","incongruent","diff",17059,1,0
"399","8a945d2ac06cb541b054c3457fc79051","9","novel_medium","Beaver","Bunny","t7","t9","t9","t9","t7","medium","left","7","congruent","diff",14602,0,0
"400","8a945d2ac06cb541b054c3457fc79051","10","novel_medium","Pig","Monkey","t10","t17","t17","t17","t10","medium","right","8","congruent","diff",15891,0,0
"401","9624d3d9d2b51a8763c638085eb75294","1","novel_medium","Elephant","Cat","bear","car","car","car","car","medium","left","train1","congruent","same",54860,1,1
"402","9624d3d9d2b51a8763c638085eb75294","2","novel_medium","Pig","Cat","ball","duck","ball","ball","duck","medium","right","train2","congruent","same",48362,0,0
"403","9624d3d9d2b51a8763c638085eb75294","3","novel_medium","Frog","Cat","t12","t1","t12","t12","t12","medium","right","1","congruent","diff",15609,1,1
"404","9624d3d9d2b51a8763c638085eb75294","4","novel_medium","Beaver","Sheep","t9","t18","t18","t18","t18","medium","left","2","congruent","same",12626,1,1
"405","9624d3d9d2b51a8763c638085eb75294","5","novel_medium","Bear","Sheep","t8","t2","t2","t8","t2","medium","right","3","incongruent","diff",12573,1,0
"406","9624d3d9d2b51a8763c638085eb75294","6","novel_medium","Monkey","Elephant","t16","t6","t6","t6","t16","medium","left","4","congruent","diff",13163,0,0
"407","9624d3d9d2b51a8763c638085eb75294","7","novel_medium","Dog","Bunny","t17","t15","t17","t17","t15","medium","right","5","congruent","same",16216,0,0
"408","9624d3d9d2b51a8763c638085eb75294","8","novel_medium","Pig","Bunny","t14","t7","t14","t7","t14","medium","left","6","incongruent","same",12745,1,0
"409","9624d3d9d2b51a8763c638085eb75294","9","novel_medium","Mouse","Bunny","t11","t5","t11","t5","t11","medium","left","7","incongruent","diff",13174,1,0
"410","9624d3d9d2b51a8763c638085eb75294","10","novel_medium","Tiger",NA,"t4","t13","t4","t13","t4","medium","right","8","incongruent","same",13037,1,0
"411","96a03f0ca8567af62a7a5a107276f3fa","1","novel_medium","Elephant","Beaver","bear","car","car","car","car","medium","left","train1","congruent","same",13051,1,1
"412","96a03f0ca8567af62a7a5a107276f3fa","2","novel_medium","Pig","Beaver","ball","duck","ball","ball","ball","medium","right","train2","congruent","same",9628,1,1
"413","96a03f0ca8567af62a7a5a107276f3fa","3","novel_medium","Bear","Beaver","t10","t6","t6","t10","t6","medium","right","1","incongruent","same",12258,1,0
"414","96a03f0ca8567af62a7a5a107276f3fa","4","novel_medium","Elephant","Beaver","t3","t17","t17","t17","t17","medium","left","2","congruent","diff",11688,1,1
"415","96a03f0ca8567af62a7a5a107276f3fa","5","novel_medium","Sheep","Dog","t7","t18","t18","t18","t18","medium","right","3","congruent","same",7311,1,1
"416","96a03f0ca8567af62a7a5a107276f3fa","6","novel_medium","Frog","Dog","t4","t11","t11","t11","t4","medium","right","4","congruent","diff",13186,0,0
"417","96a03f0ca8567af62a7a5a107276f3fa","7","novel_medium","Bunny","Monkey","t5","t15","t15","t5","t15","medium","right","5","incongruent","diff",11547,1,0
"418","96a03f0ca8567af62a7a5a107276f3fa","8","novel_medium","Tiger","Cat","t8","t12","t8","t8","t8","medium","left","6","congruent","same",12256,1,1
"419","96a03f0ca8567af62a7a5a107276f3fa","9","novel_medium","Mouse","Cat","t9","t2","t9","t2","t2","medium","left","7","incongruent","same",10960,0,1
"420","96a03f0ca8567af62a7a5a107276f3fa","10","novel_medium","Pig","Cat","t13","t16","t13","t16","t13","medium","left","8","incongruent","diff",11691,1,0
"421","a04677589773633c46ab238dd6f02754","1","novel_medium","Elephant","Sheep","bear","car","car","car","car","medium","left","train1","congruent","same",11556,1,1
"422","a04677589773633c46ab238dd6f02754","2","novel_medium","Pig","Sheep","ball","duck","ball","ball","ball","medium","right","train2","congruent","same",9332,1,1
"423","a04677589773633c46ab238dd6f02754","3","novel_medium","Mouse","Sheep","t10","t9","t10","t9","t9","medium","left","1","incongruent","same",28671,0,1
"424","a04677589773633c46ab238dd6f02754","4","novel_medium","Bunny","Sheep","t14","t8","t8","t8","t8","medium","right","2","congruent","same",13230,1,1
"425","a04677589773633c46ab238dd6f02754","5","novel_medium","Elephant","Sheep","t12","t3","t12","t3","t3","medium","left","3","incongruent","diff",13229,0,1
"426","a04677589773633c46ab238dd6f02754","6","novel_medium","Tiger","Beaver","t2","t5","t5","t5","t5","medium","left","4","congruent","same",7276,1,1
"427","a04677589773633c46ab238dd6f02754","7","novel_medium","Bear","Beaver","t16","t4","t16","t4","t16","medium","right","5","incongruent","diff",11840,1,0
"428","a04677589773633c46ab238dd6f02754","8","novel_medium","Dog","Pig","t6","t7","t7","t7","t7","medium","right","6","congruent","diff",11577,1,1
"429","a04677589773633c46ab238dd6f02754","9","novel_medium","Monkey","Frog","t11","t1","t1","t1","t1","medium","left","7","congruent","diff",12952,1,1
"430","a04677589773633c46ab238dd6f02754","10","novel_medium","Cat",NA,"t18","t13","t18","t13","t13","medium","right","8","incongruent","same",12699,0,1
"431","aa2d8ca3cfcd37d7de44ff04ff7cb0b8","1","novel_medium","Elephant","Frog","bear","car","car","car","car","medium","left","train1","congruent","same",10584,1,1
"432","aa2d8ca3cfcd37d7de44ff04ff7cb0b8","2","novel_medium","Pig","Frog","ball","duck","ball","ball","ball","medium","right","train2","congruent","same",9793,1,1
"433","aa2d8ca3cfcd37d7de44ff04ff7cb0b8","3","novel_medium","Dog","Frog","t14","t10","t10","t10","t10","medium","right","1","congruent","diff",18370,1,1
"434","aa2d8ca3cfcd37d7de44ff04ff7cb0b8","4","novel_medium","Mouse","Bear","t13","t2","t13","t13","t13","medium","left","2","congruent","same",13948,1,1
"435","aa2d8ca3cfcd37d7de44ff04ff7cb0b8","5","novel_medium","Bunny","Bear","t12","t18","t18","t18","t18","medium","right","3","congruent","same",8254,1,1
"436","aa2d8ca3cfcd37d7de44ff04ff7cb0b8","6","novel_medium","Pig","Bear","t16","t5","t16","t5","t16","medium","left","4","incongruent","same",10549,1,0
"437","aa2d8ca3cfcd37d7de44ff04ff7cb0b8","7","novel_medium","Sheep","Bear","t4","t6","t6","t4","t6","medium","right","5","incongruent","same",8413,1,0
"438","aa2d8ca3cfcd37d7de44ff04ff7cb0b8","8","novel_medium","Cat","Bear","t8","t15","t8","t15","t8","medium","left","6","incongruent","diff",13421,1,0
"439","aa2d8ca3cfcd37d7de44ff04ff7cb0b8","9","novel_medium","Beaver","Tiger","t9","t11","t11","t11","t11","medium","left","7","congruent","diff",24677,1,1
"440","aa2d8ca3cfcd37d7de44ff04ff7cb0b8","10","novel_medium","Monkey","Elephant","t7","t1","t1","t7","t1","medium","right","8","incongruent","diff",9917,1,0
"441","aaa8edc77dda363a5db0fe6d4084ca09","1","novel_medium","Elephant","Bear","bear","car","car","car","car","medium","left","train1","congruent","same",11269,1,1
"442","aaa8edc77dda363a5db0fe6d4084ca09","2","novel_medium","Pig","Bear","ball","duck","ball","ball","ball","medium","right","train2","congruent","same",10349,1,1
"443","aaa8edc77dda363a5db0fe6d4084ca09","3","novel_medium","Pig","Bear","t2","t11","t2","t2","t2","medium","left","1","congruent","same",13647,1,1
"444","aaa8edc77dda363a5db0fe6d4084ca09","4","novel_medium","Mouse","Bear","t1","t5","t1","t1","t5","medium","right","2","congruent","diff",12654,0,0
"445","aaa8edc77dda363a5db0fe6d4084ca09","5","novel_medium","Elephant","Bunny","t6","t12","t6","t6","t6","medium","right","3","congruent","same",13654,1,1
"446","aaa8edc77dda363a5db0fe6d4084ca09","6","novel_medium","Monkey","Bunny","t4","t7","t4","t4","t7","medium","left","4","congruent","diff",13772,0,0
"447","aaa8edc77dda363a5db0fe6d4084ca09","7","novel_medium","Dog","Tiger","t3","t16","t16","t3","t3","medium","right","5","incongruent","same",13141,0,1
"448","aaa8edc77dda363a5db0fe6d4084ca09","8","novel_medium","Cat","Tiger","t9","t14","t14","t9","t14","medium","right","6","incongruent","diff",13492,1,0
"449","aaa8edc77dda363a5db0fe6d4084ca09","9","novel_medium","Frog","Beaver","t8","t13","t13","t8","t8","medium","left","7","incongruent","diff",12612,0,1
"450","aaa8edc77dda363a5db0fe6d4084ca09","10","novel_medium","Sheep",NA,"t10","t17","t17","t10","t10","medium","left","8","incongruent","same",13095,0,1
"451","ad9ee29043b45beb93bc349f2777b01b","1","novel_medium","Elephant","Pig","bear","car","car","car","car","medium","left","train1","congruent","same",13169,1,1
"452","ad9ee29043b45beb93bc349f2777b01b","2","novel_medium","Pig","Pig","ball","duck","ball","ball","ball","medium","right","train2","congruent","same",11584,1,1
"453","ad9ee29043b45beb93bc349f2777b01b","3","novel_medium","Cat","Pig","t3","t9","t9","t3","t9","medium","left","1","incongruent","same",17920,1,0
"454","ad9ee29043b45beb93bc349f2777b01b","4","novel_medium","Beaver","Pig","t10","t15","t10","t10","t15","medium","left","2","congruent","diff",12718,0,0
"455","ad9ee29043b45beb93bc349f2777b01b","5","novel_medium","Frog","Tiger","t14","t4","t4","t4","t14","medium","right","3","congruent","same",13192,0,0
"456","ad9ee29043b45beb93bc349f2777b01b","6","novel_medium","Monkey","Tiger","t11","t2","t11","t2","t2","medium","right","4","incongruent","diff",12765,0,1
"457","ad9ee29043b45beb93bc349f2777b01b","7","novel_medium","Bunny","Elephant","t12","t7","t7","t7","t7","medium","right","5","congruent","diff",7759,1,1
"458","ad9ee29043b45beb93bc349f2777b01b","8","novel_medium","Bear","Mouse","t8","t16","t16","t16","t16","medium","left","6","congruent","same",8264,1,1
"459","ad9ee29043b45beb93bc349f2777b01b","9","novel_medium","Dog","Mouse","t18","t6","t18","t6","t6","medium","right","7","incongruent","same",11023,0,1
"460","ad9ee29043b45beb93bc349f2777b01b","10","novel_medium","Sheep","Mouse","t13","t5","t13","t5","t13","medium","left","8","incongruent","diff",7150,1,0
"461","adb6d7a4f73a49fda6434e2fa4d89f78","1","novel_medium","Elephant","Tiger","bear","car","car","car","car","medium","left","train1","congruent","same",7320,1,1
"462","adb6d7a4f73a49fda6434e2fa4d89f78","2","novel_medium","Pig","Tiger","ball","duck","ball","ball","ball","medium","right","train2","congruent","same",16236,1,1
"463","adb6d7a4f73a49fda6434e2fa4d89f78","3","novel_medium","Dog","Tiger","t4","t11","t4","t11","t4","medium","right","1","incongruent","diff",15297,1,0
"464","adb6d7a4f73a49fda6434e2fa4d89f78","4","novel_medium","Bear","Monkey","t5","t14","t14","t14","t5","medium","right","2","congruent","same",11953,0,0
"465","adb6d7a4f73a49fda6434e2fa4d89f78","5","novel_medium","Mouse","Monkey","t17","t12","t17","t12","t17","medium","left","3","incongruent","diff",13127,1,0
"466","adb6d7a4f73a49fda6434e2fa4d89f78","6","novel_medium","Bunny","Cat","t9","t2","t2","t2","t2","medium","right","4","congruent","diff",10562,1,1
"467","adb6d7a4f73a49fda6434e2fa4d89f78","7","novel_medium","Beaver","Sheep","t13","t7","t13","t13","t13","medium","left","5","congruent","diff",13119,1,1
"468","adb6d7a4f73a49fda6434e2fa4d89f78","8","novel_medium","Pig",NA,"t18","t1","t1","t18","t18","medium","right","6","incongruent","same",8435,0,1
"469","adb6d7a4f73a49fda6434e2fa4d89f78","9","novel_medium","Frog",NA,"t16","t6","t6","t16","t16","medium","left","7","incongruent","same",14453,0,1
"470","adb6d7a4f73a49fda6434e2fa4d89f78","10","novel_medium","Elephant",NA,"t8","t3","t8","t8","t3","medium","left","8","congruent","same",9908,0,0
"471","b3d5936719d92e02d7ef49d58483ff1a","1","novel_medium","Elephant","Cat","bear","car","car","car","car","medium","left","train1","congruent","same",10633,1,1
"472","b3d5936719d92e02d7ef49d58483ff1a","2","novel_medium","Pig","Cat","ball","duck","ball","ball","ball","medium","right","train2","congruent","same",13079,1,1
"473","b3d5936719d92e02d7ef49d58483ff1a","3","novel_medium","Monkey","Cat","t9","t10","t10","t10","t10","medium","right","1","congruent","same",9691,1,1
"474","b3d5936719d92e02d7ef49d58483ff1a","4","novel_medium","Dog","Cat","t6","t17","t17","t17","t17","medium","left","2","congruent","diff",11857,1,1
"475","b3d5936719d92e02d7ef49d58483ff1a","5","novel_medium","Frog","Bear","t12","t4","t4","t12","t4","medium","right","3","incongruent","same",12869,1,0
"476","b3d5936719d92e02d7ef49d58483ff1a","6","novel_medium","Pig","Bear","t14","t5","t14","t14","t14","medium","right","4","congruent","diff",12079,1,1
"477","b3d5936719d92e02d7ef49d58483ff1a","7","novel_medium","Mouse","Sheep","t1","t15","t15","t15","t15","medium","left","5","congruent","same",12345,1,1
"478","b3d5936719d92e02d7ef49d58483ff1a","8","novel_medium","Bunny","Sheep","t3","t7","t7","t3","t3","medium","left","6","incongruent","same",14121,0,1
"479","b3d5936719d92e02d7ef49d58483ff1a","9","novel_medium","Elephant","Sheep","t2","t11","t2","t11","t2","medium","right","7","incongruent","diff",13273,1,0
"480","b3d5936719d92e02d7ef49d58483ff1a","10","novel_medium","Tiger","Beaver","t8","t13","t8","t13","t13","medium","left","8","incongruent","diff",10877,0,1
"481","b6c368e2a2934936dda6361a2d422122","1","novel_medium","Elephant","Frog","bear","car","car","car","car","medium","left","train1","congruent","same",7643,1,1
"482","b6c368e2a2934936dda6361a2d422122","2","novel_medium","Pig","Frog","ball","duck","ball","ball","ball","medium","right","train2","congruent","same",8702,1,1
"483","b6c368e2a2934936dda6361a2d422122","3","novel_medium","Mouse","Frog","t5","t13","t13","t5","t5","medium","left","1","incongruent","same",13527,0,1
"484","b6c368e2a2934936dda6361a2d422122","4","novel_medium","Elephant","Frog","t17","t1","t1","t1","t1","medium","right","2","congruent","diff",13332,1,1
"485","b6c368e2a2934936dda6361a2d422122","5","novel_medium","Cat","Sheep","t3","t2","t3","t3","t3","medium","right","3","congruent","same",8119,1,1
"486","b6c368e2a2934936dda6361a2d422122","6","novel_medium","Tiger","Sheep","t10","t12","t12","t10","t12","medium","right","4","incongruent","diff",11862,1,0
"487","b6c368e2a2934936dda6361a2d422122","7","novel_medium","Dog","Bunny","t6","t14","t14","t6","t6","medium","left","5","incongruent","diff",11825,0,1
"488","b6c368e2a2934936dda6361a2d422122","8","novel_medium","Pig","Beaver","t9","t16","t9","t9","t16","medium","left","6","congruent","diff",7627,0,0
"489","b6c368e2a2934936dda6361a2d422122","9","novel_medium","Bear",NA,"t11","t18","t18","t11","t18","medium","right","7","incongruent","same",7397,1,0
"490","b6c368e2a2934936dda6361a2d422122","10","novel_medium","Monkey",NA,"t7","t15","t15","t15","t15","medium","left","8","congruent","same",13750,1,1
"491","bd602f41d72c83301df3915a6b898f03","1","novel_medium","Elephant","Beaver","bear","car","car","car","car","medium","left","train1","congruent","same",7155,1,1
"492","bd602f41d72c83301df3915a6b898f03","2","novel_medium","Pig","Beaver","ball","duck","ball","ball","ball","medium","right","train2","congruent","same",10235,1,1
"493","bd602f41d72c83301df3915a6b898f03","3","novel_medium","Monkey","Beaver","t14","t8","t14","t14","t14","medium","right","1","congruent","diff",11943,1,1
"494","bd602f41d72c83301df3915a6b898f03","4","novel_medium","Dog","Bear","t2","t5","t5","t5","t5","medium","left","2","congruent","same",13915,1,1
"495","bd602f41d72c83301df3915a6b898f03","5","novel_medium","Frog","Bear","t13","t4","t4","t4","t4","medium","left","3","congruent","diff",12347,1,1
"496","bd602f41d72c83301df3915a6b898f03","6","novel_medium","Tiger","Sheep","t17","t11","t17","t11","t11","medium","left","4","incongruent","diff",13130,0,1
"497","bd602f41d72c83301df3915a6b898f03","7","novel_medium","Mouse","Bunny","t10","t6","t6","t10","t6","medium","left","5","incongruent","same",15988,1,0
"498","bd602f41d72c83301df3915a6b898f03","8","novel_medium","Cat","Bunny","t9","t18","t18","t9","t9","medium","right","6","incongruent","same",15277,0,1
"499","bd602f41d72c83301df3915a6b898f03","9","novel_medium","Elephant","Bunny","t7","t12","t7","t12","t7","medium","right","7","incongruent","diff",14629,1,0
"500","bd602f41d72c83301df3915a6b898f03","10","novel_medium","Pig",NA,"t16","t1","t16","t16","t16","medium","right","8","congruent","same",13548,1,1
"501","c027df5b1d53c53c88655c383a06fefd","1","novel_medium","Elephant","Bear","bear","car","car","car","car","medium","left","train1","congruent","same",10638,1,1
"502","c027df5b1d53c53c88655c383a06fefd","2","novel_medium","Pig","Bear","ball","duck","ball","ball","ball","medium","right","train2","congruent","same",9717,1,1
"503","c027df5b1d53c53c88655c383a06fefd","3","novel_medium","Mouse","Bear","t4","t3","t4","t3","t3","medium","left","1","incongruent","same",14333,0,1
"504","c027df5b1d53c53c88655c383a06fefd","4","novel_medium","Frog","Bear","t1","t18","t1","t18","t18","medium","right","2","incongruent","same",13071,0,1
"505","c027df5b1d53c53c88655c383a06fefd","5","novel_medium","Dog","Bear","t15","t12","t15","t15","t15","medium","right","3","congruent","same",9333,1,1
"506","c027df5b1d53c53c88655c383a06fefd","6","novel_medium","Monkey","Bear","t8","t13","t8","t8","t8","medium","left","4","congruent","diff",10729,1,1
"507","c027df5b1d53c53c88655c383a06fefd","7","novel_medium","Bunny","Sheep","t6","t2","t6","t6","t2","medium","right","5","congruent","diff",12103,0,0
"508","c027df5b1d53c53c88655c383a06fefd","8","novel_medium","Tiger","Cat","t17","t11","t11","t17","t17","medium","right","6","incongruent","diff",7506,0,1
"509","c027df5b1d53c53c88655c383a06fefd","9","novel_medium","Beaver","Elephant","t9","t5","t9","t9","t5","medium","left","7","congruent","same",7207,0,0
"510","c027df5b1d53c53c88655c383a06fefd","10","novel_medium","Pig","Elephant","t14","t10","t10","t14","t10","medium","left","8","incongruent","diff",8102,1,0
"511","c078ad8b2fc4d9b71ddba2c81afcca01","1","novel_medium","Elephant","Cat","bear","car","car","car","car","medium","left","train1","congruent","same",15308,1,1
"512","c078ad8b2fc4d9b71ddba2c81afcca01","2","novel_medium","Pig","Cat","ball","duck","ball","ball","ball","medium","right","train2","congruent","same",10105,1,1
"513","c078ad8b2fc4d9b71ddba2c81afcca01","3","novel_medium","Elephant","Cat","t2","t10","t2","t10","t10","medium","right","1","incongruent","diff",14714,0,1
"514","c078ad8b2fc4d9b71ddba2c81afcca01","4","novel_medium","Frog","Tiger","t1","t9","t1","t9","t9","medium","right","2","incongruent","same",12176,0,1
"515","c078ad8b2fc4d9b71ddba2c81afcca01","5","novel_medium","Pig","Tiger","t4","t14","t14","t14","t4","medium","right","3","congruent","diff",9032,0,0
"516","c078ad8b2fc4d9b71ddba2c81afcca01","6","novel_medium","Mouse","Sheep","t3","t17","t3","t3","t17","medium","left","4","congruent","same",8038,0,0
"517","c078ad8b2fc4d9b71ddba2c81afcca01","7","novel_medium","Monkey","Sheep","t5","t11","t11","t5","t5","medium","left","5","incongruent","same",15474,0,1
"518","c078ad8b2fc4d9b71ddba2c81afcca01","8","novel_medium","Bear","Sheep","t7","t12","t7","t7","t7","medium","right","6","congruent","same",7766,1,1
"519","c078ad8b2fc4d9b71ddba2c81afcca01","9","novel_medium","Bunny","Sheep","t8","t16","t8","t16","t16","medium","left","7","incongruent","diff",7682,0,1
"520","c078ad8b2fc4d9b71ddba2c81afcca01","10","novel_medium","Dog","Beaver","t6","t13","t6","t6","t13","medium","left","8","congruent","diff",7842,0,0
"521","c9d28cd592216672922f64874f2c4b99","1","novel_medium","Elephant","Tiger","bear","car","car","car","car","medium","left","train1","congruent","same",11834,1,1
"522","c9d28cd592216672922f64874f2c4b99","2","novel_medium","Pig","Tiger","ball","duck","ball","ball","ball","medium","right","train2","congruent","same",10329,1,1
"523","c9d28cd592216672922f64874f2c4b99","3","novel_medium","Elephant","Tiger","t3","t2","t2","t3","t3","medium","left","1","incongruent","same",14376,0,1
"524","c9d28cd592216672922f64874f2c4b99","4","novel_medium","Sheep","Tiger","t10","t17","t10","t10","t10","medium","left","2","congruent","same",13257,1,1
"525","c9d28cd592216672922f64874f2c4b99","5","novel_medium","Mouse","Tiger","t4","t7","t7","t4","t7","medium","right","3","incongruent","same",13405,1,0
"526","c9d28cd592216672922f64874f2c4b99","6","novel_medium","Bunny","Tiger","t5","t11","t5","t5","t11","medium","left","4","congruent","diff",8303,0,0
"527","c9d28cd592216672922f64874f2c4b99","7","novel_medium","Monkey","Beaver","t14","t9","t14","t9","t14","medium","left","5","incongruent","diff",12648,1,0
"528","c9d28cd592216672922f64874f2c4b99","8","novel_medium","Pig","Bear","t15","t8","t15","t15","t15","medium","right","6","congruent","diff",9848,1,1
"529","c9d28cd592216672922f64874f2c4b99","9","novel_medium","Cat","Frog","t12","t16","t16","t12","t16","medium","right","7","incongruent","diff",7940,1,0
"530","c9d28cd592216672922f64874f2c4b99","10","novel_medium","Dog",NA,"t13","t6","t13","t13","t13","medium","right","8","congruent","same",7673,1,1
"531","cb2b97d3af4beba99bf607be5c1b8149","1","novel_medium","Elephant","Dog","bear","car","car","car","car","medium","left","train1","congruent","same",13122,1,1
"532","cb2b97d3af4beba99bf607be5c1b8149","2","novel_medium","Pig","Dog","ball","duck","ball","ball","ball","medium","right","train2","congruent","same",10313,1,1
"533","cb2b97d3af4beba99bf607be5c1b8149","3","novel_medium","Monkey","Dog","t10","t14","t14","t10","t14","medium","left","1","incongruent","diff",13769,1,0
"534","cb2b97d3af4beba99bf607be5c1b8149","4","novel_medium","Frog","Beaver","t11","t4","t4","t4","t4","medium","left","2","congruent","diff",12570,1,1
"535","cb2b97d3af4beba99bf607be5c1b8149","5","novel_medium","Mouse","Cat","t3","t2","t2","t3","t2","medium","left","3","incongruent","same",12048,1,0
"536","cb2b97d3af4beba99bf607be5c1b8149","6","novel_medium","Pig","Cat","t8","t18","t18","t18","t8","medium","right","4","congruent","same",12689,0,0
"537","cb2b97d3af4beba99bf607be5c1b8149","7","novel_medium","Elephant","Cat","t13","t15","t13","t13","t15","medium","left","5","congruent","same",12681,0,0
"538","cb2b97d3af4beba99bf607be5c1b8149","8","novel_medium","Sheep","Cat","t6","t9","t9","t6","t6","medium","right","6","incongruent","same",10442,0,1
"539","cb2b97d3af4beba99bf607be5c1b8149","9","novel_medium","Bear","Cat","t5","t12","t5","t5","t12","medium","right","7","congruent","diff",13329,0,0
"540","cb2b97d3af4beba99bf607be5c1b8149","10","novel_medium","Tiger","Bunny","t16","t1","t16","t1","t16","medium","right","8","incongruent","diff",13177,1,0
"541","dbcee5d9ffe0dac2eb7b8656bb7d03cb","1","novel_medium","Elephant","Bunny","bear","car","car","car","car","medium","left","train1","congruent","same",13702,1,1
"542","dbcee5d9ffe0dac2eb7b8656bb7d03cb","2","novel_medium","Pig","Bunny","ball","duck","ball","ball","ball","medium","right","train2","congruent","same",10710,1,1
"543","dbcee5d9ffe0dac2eb7b8656bb7d03cb","3","novel_medium","Mouse","Bunny","t2","t4","t4","t4","t4","medium","right","1","congruent","same",15315,1,1
"544","dbcee5d9ffe0dac2eb7b8656bb7d03cb","4","novel_medium","Dog","Bunny","t5","t16","t5","t16","t5","medium","left","2","incongruent","same",13979,1,0
"545","dbcee5d9ffe0dac2eb7b8656bb7d03cb","5","novel_medium","Frog","Bunny","t14","t11","t11","t14","t14","medium","left","3","incongruent","diff",7474,0,1
"546","dbcee5d9ffe0dac2eb7b8656bb7d03cb","6","novel_medium","Cat","Beaver","t9","t17","t9","t9","t17","medium","left","4","congruent","same",7171,0,0
"547","dbcee5d9ffe0dac2eb7b8656bb7d03cb","7","novel_medium","Monkey","Beaver","t7","t6","t7","t6","t6","medium","right","5","incongruent","same",14013,0,1
"548","dbcee5d9ffe0dac2eb7b8656bb7d03cb","8","novel_medium","Pig","Beaver","t1","t15","t15","t1","t1","medium","right","6","incongruent","diff",7205,0,1
"549","dbcee5d9ffe0dac2eb7b8656bb7d03cb","9","novel_medium","Tiger","Sheep","t18","t3","t3","t3","t3","medium","left","7","congruent","diff",7100,1,1
"550","dbcee5d9ffe0dac2eb7b8656bb7d03cb","10","novel_medium","Elephant","Bear","t8","t12","t8","t8","t12","medium","right","8","congruent","diff",7229,0,0
"551","de70cac86c077c647bd48031cf55addb","1","novel_medium","Elephant","Mouse","bear","car","car","car","car","medium","left","train1","congruent","same",16078,1,1
"552","de70cac86c077c647bd48031cf55addb","2","novel_medium","Pig","Mouse","ball","duck","ball","ball","ball","medium","right","train2","congruent","same",7111,1,1
"553","de70cac86c077c647bd48031cf55addb","3","novel_medium","Bear","Mouse","t10","t11","t11","t11","t10","medium","right","1","congruent","same",13592,0,0
"554","de70cac86c077c647bd48031cf55addb","4","novel_medium","Frog","Mouse","t3","t2","t2","t2","t2","medium","left","2","congruent","diff",15707,1,1
"555","de70cac86c077c647bd48031cf55addb","5","novel_medium","Tiger","Sheep","t17","t12","t17","t12","t17","medium","right","3","incongruent","diff",10543,1,0
"556","de70cac86c077c647bd48031cf55addb","6","novel_medium","Dog","Cat","t13","t14","t13","t14","t13","medium","left","4","incongruent","diff",8619,1,0
"557","de70cac86c077c647bd48031cf55addb","7","novel_medium","Monkey","Beaver","t6","t7","t6","t7","t6","medium","right","5","incongruent","same",7426,1,0
"558","de70cac86c077c647bd48031cf55addb","8","novel_medium","Elephant","Beaver","t5","t9","t9","t9","t9","medium","right","6","congruent","diff",11983,1,1
"559","de70cac86c077c647bd48031cf55addb","9","novel_medium","Bunny",NA,"t15","t16","t16","t16","t16","medium","left","7","congruent","same",13727,1,1
"560","de70cac86c077c647bd48031cf55addb","10","novel_medium","Pig",NA,"t8","t18","t18","t8","t18","medium","left","8","incongruent","same",7463,1,0
"561","ebd929e081659aa2bb51c0d6e4290e72","1","novel_medium","Elephant","Bear","bear","car","car","car","car","medium","left","train1","congruent","same",11522,1,1
"562","ebd929e081659aa2bb51c0d6e4290e72","2","novel_medium","Pig","Bear","ball","duck","ball","ball","ball","medium","right","train2","congruent","same",7891,1,1
"563","ebd929e081659aa2bb51c0d6e4290e72","3","novel_medium","Elephant","Bear","t4","t12","t4","t12","t12","medium","left","1","incongruent","same",15562,0,1
"564","ebd929e081659aa2bb51c0d6e4290e72","4","novel_medium","Frog","Bear","t5","t8","t8","t8","t8","medium","left","2","congruent","same",13938,1,1
"565","ebd929e081659aa2bb51c0d6e4290e72","5","novel_medium","Pig","Bear","t3","t10","t3","t10","t3","medium","right","3","incongruent","diff",14148,1,0
"566","ebd929e081659aa2bb51c0d6e4290e72","6","novel_medium","Monkey","Sheep","t6","t15","t15","t15","t15","medium","right","4","congruent","diff",14101,1,1
"567","ebd929e081659aa2bb51c0d6e4290e72","7","novel_medium","Mouse","Cat","t2","t18","t2","t18","t18","medium","right","5","incongruent","same",13358,0,1
"568","ebd929e081659aa2bb51c0d6e4290e72","8","novel_medium","Bunny","Cat","t7","t16","t7","t16","t16","medium","left","6","incongruent","diff",54468,0,1
"569","ebd929e081659aa2bb51c0d6e4290e72","9","novel_medium","Dog","Tiger","t1","t11","t11","t11","t11","medium","right","7","congruent","same",12147,1,1
"570","ebd929e081659aa2bb51c0d6e4290e72","10","novel_medium","Beaver","Tiger","t9","t13","t9","t9","t13","medium","left","8","congruent","diff",12834,0,0
"571","efe7e481acf645e55936de63a2144ad4","1","novel_medium","Elephant","Bear","bear","car","car","car","car","medium","left","train1","congruent","same",11979,1,1
"572","efe7e481acf645e55936de63a2144ad4","2","novel_medium","Pig","Bear","ball","duck","ball","ball","ball","medium","right","train2","congruent","same",17571,1,1
"573","efe7e481acf645e55936de63a2144ad4","3","novel_medium","Mouse","Bear","t15","t1","t1","t1","t1","medium","right","1","congruent","same",15674,1,1
"574","efe7e481acf645e55936de63a2144ad4","4","novel_medium","Tiger","Bear","t3","t6","t3","t6","t6","medium","left","2","incongruent","same",13909,0,1
"575","efe7e481acf645e55936de63a2144ad4","5","novel_medium","Beaver","Bear","t10","t4","t10","t10","t10","medium","left","3","congruent","diff",13541,1,1
"576","efe7e481acf645e55936de63a2144ad4","6","novel_medium","Frog","Cat","t12","t11","t11","t12","t11","medium","left","4","incongruent","diff",13188,1,0
"577","efe7e481acf645e55936de63a2144ad4","7","novel_medium","Elephant","Sheep","t2","t13","t13","t13","t13","medium","right","5","congruent","diff",12711,1,1
"578","efe7e481acf645e55936de63a2144ad4","8","novel_medium","Bunny","Monkey","t8","t14","t8","t14","t8","medium","right","6","incongruent","same",12783,1,0
"579","efe7e481acf645e55936de63a2144ad4","9","novel_medium","Pig","Monkey","t7","t16","t7","t7","t7","medium","left","7","congruent","same",11484,1,1
"580","efe7e481acf645e55936de63a2144ad4","10","novel_medium","Dog","Monkey","t9","t5","t9","t5","t9","medium","right","8","incongruent","diff",12871,1,0
"581","f18f458df220c454a71fa237aed757fa","1","novel_medium","Elephant","Pig","bear","car","car","car","car","medium","left","train1","congruent","same",8377,1,1
"582","f18f458df220c454a71fa237aed757fa","2","novel_medium","Pig","Pig","ball","duck","ball","ball","ball","medium","right","train2","congruent","same",7260,1,1
"583","f18f458df220c454a71fa237aed757fa","3","novel_medium","Sheep","Pig","t16","t13","t16","t13","t16","medium","left","1","incongruent","diff",13440,1,0
"584","f18f458df220c454a71fa237aed757fa","4","novel_medium","Dog","Frog","t10","t12","t12","t10","t10","medium","right","2","incongruent","diff",8975,0,1
"585","f18f458df220c454a71fa237aed757fa","5","novel_medium","Tiger","Beaver","t3","t11","t11","t11","t11","medium","left","3","congruent","diff",9990,1,1
"586","f18f458df220c454a71fa237aed757fa","6","novel_medium","Bunny","Monkey","t5","t2","t5","t2","t5","medium","left","4","incongruent","same",10060,1,0
"587","f18f458df220c454a71fa237aed757fa","7","novel_medium","Mouse","Monkey","t14","t15","t15","t15","t14","medium","right","5","congruent","same",10385,0,0
"588","f18f458df220c454a71fa237aed757fa","8","novel_medium","Bear","Monkey","t7","t18","t18","t7","t7","medium","right","6","incongruent","same",9757,0,1
"589","f18f458df220c454a71fa237aed757fa","9","novel_medium","Elephant","Monkey","t9","t4","t4","t4","t9","medium","right","7","congruent","diff",10315,0,0
"590","f18f458df220c454a71fa237aed757fa","10","novel_medium","Cat",NA,"t8","t6","t8","t8","t6","medium","left","8","congruent","same",9746,0,0
"591","fee42cc6bf917bcdb0abd39c8df9829a","1","novel_medium","Elephant","Dog","bear","car","car","car","car","medium","left","train1","congruent","same",10879,1,1
"592","fee42cc6bf917bcdb0abd39c8df9829a","2","novel_medium","Pig","Dog","ball","duck","ball","ball","ball","medium","right","train2","congruent","same",11052,1,1
"593","fee42cc6bf917bcdb0abd39c8df9829a","3","novel_medium","Elephant","Dog","t3","t11","t11","t11","t11","medium","left","1","congruent","same",14382,1,1
"594","fee42cc6bf917bcdb0abd39c8df9829a","4","novel_medium","Pig","Dog","t1","t12","t1","t12","t1","medium","right","2","incongruent","same",13560,1,0
"595","fee42cc6bf917bcdb0abd39c8df9829a","5","novel_medium","Frog","Dog","t2","t7","t2","t7","t2","medium","left","3","incongruent","same",13714,1,0
"596","fee42cc6bf917bcdb0abd39c8df9829a","6","novel_medium","Mouse","Dog","t4","t10","t10","t10","t10","medium","right","4","congruent","diff",13121,1,1
"597","fee42cc6bf917bcdb0abd39c8df9829a","7","novel_medium","Monkey","Tiger","t5","t16","t5","t5","t5","medium","left","5","congruent","diff",15488,1,1
"598","fee42cc6bf917bcdb0abd39c8df9829a","8","novel_medium","Bunny","Sheep","t6","t14","t14","t6","t14","medium","left","6","incongruent","diff",12855,1,0
"599","fee42cc6bf917bcdb0abd39c8df9829a","9","novel_medium","Beaver","Cat","t8","t18","t18","t18","t18","medium","right","7","congruent","same",14435,1,1
"600","fee42cc6bf917bcdb0abd39c8df9829a","10","novel_medium","Bear","Cat","t9","t13","t9","t13","t9","medium","right","8","incongruent","diff",13737,1,0
