alltrial,subid,age,condition,agent,altAgent,leftObject,rightObject,pick,target,trial,change,rt,correct,targetObj,age_num,X,trial_type
1,180405_1_pref,2,preference,Elephant,Pig,car,bear,car,left,train,false,10127,1,car,2.80547945205479,NA,train
2,180405_1_pref,2,preference,Pig,Pig,duck,ball,ball,right,train,false,13182,1,ball,2.80547945205479,NA,train
3,180405_1_pref,2,preference,Monkey,Pig,t11,t8,t11,left,1,false,10923,1,t11,2.80547945205479,NA,test
4,180405_1_pref,2,preference,Sheep,Pig,t2,t6,t6,left,2,true,15437,0,t2,2.80547945205479,NA,test
5,180405_1_pref,2,preference,Bunny,Frog,t4,t17,t17,right,3,true,17818,1,t17,2.80547945205479,NA,test
6,180405_1_pref,2,preference,Dog,Cat,t15,t16,t16,right,4,false,14294,1,t16,2.80547945205479,NA,test
7,180405_1_pref,2,preference,Bear,Cat,t3,t14,t14,right,5,false,13584,1,t14,2.80547945205479,NA,test
8,180405_1_pref,2,preference,Beaver,Cat,t7,t12,t7,left,6,true,13716,1,t7,2.80547945205479,NA,test
9,180405_1_pref,2,preference,Tiger,Mouse,t5,t10,t5,right,7,true,25414,0,t10,2.80547945205479,NA,test
10,180405_1_pref,2,preference,Elephant,NA,t1,t9,t1,left,8,false,16918,1,t1,2.80547945205479,NA,test
1,180419_1_pref,3,preference,Elephant,Beaver,car,bear,car,left,train,false,14084,1,car,3.68493150684932,NA,train
2,180419_1_pref,3,preference,Pig,Beaver,duck,ball,ball,right,train,false,10365,1,ball,3.68493150684932,NA,train
3,180419_1_pref,3,preference,Bunny,Beaver,t16,t4,t4,left,1,true,26251,0,t16,3.68493150684932,NA,test
4,180419_1_pref,3,preference,Pig,Dog,t17,t2,t2,left,2,false,13515,0,t17,3.68493150684932,NA,test
5,180419_1_pref,3,preference,Sheep,Dog,t1,t8,t8,right,3,true,14527,1,t8,3.68493150684932,NA,test
6,180419_1_pref,3,preference,Cat,Frog,t9,t12,t9,right,4,false,14962,0,t12,3.68493150684932,NA,test
7,180419_1_pref,3,preference,Mouse,Frog,t14,t11,t11,left,5,false,16230,0,t14,3.68493150684932,NA,test
8,180419_1_pref,3,preference,Tiger,Frog,t6,t15,t15,right,6,true,15100,1,t15,3.68493150684932,NA,test
9,180419_1_pref,3,preference,Bear,Elephant,t10,t3,t10,right,7,true,13789,0,t3,3.68493150684932,NA,test
10,180419_1_pref,3,preference,Monkey,NA,t5,t7,t7,left,8,false,14427,0,t5,3.68493150684932,NA,test
1,180420_1,3,preference,Elephant,Monkey,car,bear,car,left,train,false,13722,1,car,3.49041095890411,NA,train
2,180420_1,3,preference,Pig,Monkey,duck,ball,ball,right,train,false,10860,1,ball,3.49041095890411,NA,train
3,180420_1,3,preference,Beaver,Monkey,t16,t8,t8,right,1,false,12671,1,t8,3.49041095890411,NA,test
4,180420_1,3,preference,Bunny,Monkey,t17,t11,t11,right,2,true,12910,1,t11,3.49041095890411,NA,test
5,180420_1,3,preference,Elephant,Dog,t3,t2,t3,left,3,true,13753,1,t3,3.49041095890411,NA,test
6,180420_1,3,preference,Sheep,Tiger,t4,t5,t4,left,4,false,13179,1,t4,3.49041095890411,NA,test
7,180420_1,3,preference,Cat,Tiger,t14,t1,t1,right,5,false,13853,1,t1,3.49041095890411,NA,test
8,180420_1,3,preference,Frog,Tiger,t7,t12,t12,left,6,true,13652,0,t7,3.49041095890411,NA,test
9,180420_1,3,preference,Mouse,Bear,t9,t10,t9,right,7,true,10215,0,t10,3.49041095890411,NA,test
10,180420_1,3,preference,Pig,NA,t6,t15,t6,left,8,false,13658,1,t6,3.49041095890411,NA,test
1,180420_2_pref,4,preference,Elephant,Sheep,car,bear,car,left,train,false,11741,1,car,4.53972602739726,NA,train
2,180420_2_pref,4,preference,Pig,Sheep,duck,ball,ball,right,train,false,10318,1,ball,4.53972602739726,NA,train
3,180420_2_pref,4,preference,Frog,Sheep,t7,t5,t5,left,1,false,17848,0,t7,4.53972602739726,NA,test
4,180420_2_pref,4,preference,Pig,Sheep,t3,t10,t3,left,2,true,16939,1,t3,4.53972602739726,NA,test
5,180420_2_pref,4,preference,Elephant,Cat,t2,t15,t15,right,3,true,15214,1,t15,4.53972602739726,NA,test
6,180420_2_pref,4,preference,Beaver,Bear,t9,t14,t14,right,4,false,12978,1,t14,4.53972602739726,NA,test
7,180420_2_pref,4,preference,Mouse,Bear,t4,t11,t4,left,5,false,16048,1,t4,4.53972602739726,NA,test
8,180420_2_pref,4,preference,Tiger,Bear,t8,t1,t1,left,6,true,12323,0,t8,4.53972602739726,NA,test
9,180420_2_pref,4,preference,Dog,Bunny,t12,t17,t17,right,7,false,13486,1,t17,4.53972602739726,NA,test
10,180420_2_pref,4,preference,Monkey,Bunny,t16,t6,t16,right,8,true,13951,0,t6,4.53972602739726,NA,test
1,180420_3_pref,3,preference,Elephant,Pig,car,bear,car,left,train,false,11413,1,car,3.57808219178082,NA,train
2,180420_3_pref,3,preference,Pig,Pig,duck,ball,ball,right,train,false,10514,1,ball,3.57808219178082,NA,train
3,180420_3_pref,3,preference,Elephant,Pig,t2,t15,t15,left,1,true,34318,0,t2,3.57808219178082,NA,test
4,180420_3_pref,3,preference,Beaver,Monkey,t17,t14,t14,right,2,false,21206,1,t14,3.57808219178082,NA,test
5,180420_3_pref,3,preference,Frog,Monkey,t16,t5,t16,right,3,true,18616,0,t5,3.57808219178082,NA,test
6,180420_3_pref,3,preference,Bunny,Bear,t3,t11,t11,left,4,false,19378,0,t3,3.57808219178082,NA,test
7,180420_3_pref,3,preference,Cat,Bear,t4,t6,t6,left,5,true,17280,0,t4,3.57808219178082,NA,test
8,180420_3_pref,3,preference,Tiger,Mouse,t12,t8,t8,left,6,false,22753,0,t12,3.57808219178082,NA,test
9,180420_3_pref,3,preference,Dog,Mouse,t1,t7,t1,right,7,true,24341,0,t7,3.57808219178082,NA,test
10,180420_3_pref,3,preference,Sheep,NA,t10,t9,t9,right,8,false,14584,1,t9,3.57808219178082,NA,test
1,180420_4_pref,4,preference,Elephant,Elephant,car,bear,car,left,train,false,11147,1,car,4.12328767123288,NA,train
2,180420_4_pref,4,preference,Pig,Elephant,duck,ball,ball,right,train,false,10314,1,ball,4.12328767123288,NA,train
3,180420_4_pref,4,preference,Monkey,Elephant,t10,t6,t10,right,1,false,13979,0,t6,4.12328767123288,NA,test
4,180420_4_pref,4,preference,Bear,Elephant,t3,t2,t2,right,2,true,18201,1,t2,4.12328767123288,NA,test
5,180420_4_pref,4,preference,Beaver,Bunny,t16,t11,t11,right,3,true,14901,1,t11,4.12328767123288,NA,test
6,180420_4_pref,4,preference,Sheep,Mouse,t14,t12,t12,left,4,false,13494,0,t14,4.12328767123288,NA,test
7,180420_4_pref,4,preference,Pig,Mouse,t7,t1,t1,left,5,true,15183,0,t7,4.12328767123288,NA,test
8,180420_4_pref,4,preference,Cat,Dog,t17,t5,t5,right,6,false,14000,1,t5,4.12328767123288,NA,test
9,180420_4_pref,4,preference,Frog,Dog,t9,t15,t15,left,7,false,13784,0,t9,4.12328767123288,NA,test
10,180420_4_pref,4,preference,Tiger,Dog,t8,t4,t8,left,8,true,13468,1,t8,4.12328767123288,NA,test
1,180425_1_pref,3,preference,Elephant,Bunny,car,bear,car,left,train,false,13507,1,car,3.91232876712329,NA,train
2,180425_1_pref,3,preference,Pig,Bunny,duck,ball,ball,right,train,false,11470,1,ball,3.91232876712329,NA,train
3,180425_1_pref,3,preference,Beaver,Bunny,t4,t12,t12,right,1,true,15706,1,t12,3.91232876712329,NA,test
4,180425_1_pref,3,preference,Frog,Dog,t15,t17,t15,right,2,false,14917,0,t17,3.91232876712329,NA,test
5,180425_1_pref,3,preference,Mouse,Dog,t3,t11,t11,left,3,false,15169,0,t3,3.91232876712329,NA,test
6,180425_1_pref,3,preference,Cat,Dog,t14,t16,t16,left,4,true,15108,0,t14,3.91232876712329,NA,test
7,180425_1_pref,3,preference,Tiger,Bear,t9,t8,t8,right,5,true,14333,1,t8,3.91232876712329,NA,test
8,180425_1_pref,3,preference,Sheep,Pig,t7,t5,t5,left,6,false,12905,0,t7,3.91232876712329,NA,test
9,180425_1_pref,3,preference,Monkey,Pig,t2,t10,t10,left,7,true,13627,0,t2,3.91232876712329,NA,test
10,180425_1_pref,3,preference,Elephant,NA,t1,t6,t1,right,8,false,14271,0,t6,3.91232876712329,NA,test
1,180425_2_pref,4,preference,Elephant,Mouse,car,bear,car,left,train,false,10892,1,car,4.12328767123288,NA,train
2,180425_2_pref,4,preference,Pig,Mouse,duck,ball,ball,right,train,false,9915,1,ball,4.12328767123288,NA,train
3,180425_2_pref,4,preference,Bunny,Mouse,t2,t4,t4,left,1,false,14454,0,t2,4.12328767123288,NA,test
4,180425_2_pref,4,preference,Monkey,Mouse,t12,t3,t3,left,2,true,16452,0,t12,4.12328767123288,NA,test
5,180425_2_pref,4,preference,Beaver,Bear,t5,t14,t5,left,3,false,13232,1,t5,4.12328767123288,NA,test
6,180425_2_pref,4,preference,Elephant,Bear,t7,t15,t15,left,4,true,12856,0,t7,4.12328767123288,NA,test
7,180425_2_pref,4,preference,Sheep,Pig,t10,t6,t6,right,5,false,8387,1,t6,4.12328767123288,NA,test
8,180425_2_pref,4,preference,Tiger,Pig,t9,t11,t11,right,6,true,13706,1,t11,4.12328767123288,NA,test
9,180425_2_pref,4,preference,Cat,Frog,t8,t16,t8,right,7,true,13621,0,t16,4.12328767123288,NA,test
10,180425_2_pref,4,preference,Dog,NA,t17,t1,t1,right,8,false,13511,1,t1,4.12328767123288,NA,test
1,180425_3_pref,4,preference,Elephant,Bear,car,bear,car,left,train,false,12412,1,car,4.98904109589041,NA,train
2,180425_3_pref,4,preference,Pig,Bear,duck,ball,ball,right,train,false,10403,1,ball,4.98904109589041,NA,train
3,180425_3_pref,4,preference,Cat,Bear,t15,t1,t1,left,1,true,13566,0,t15,4.98904109589041,NA,test
4,180425_3_pref,4,preference,Mouse,Monkey,t7,t14,t14,right,2,false,20302,1,t14,4.98904109589041,NA,test
5,180425_3_pref,4,preference,Sheep,Monkey,t10,t6,t10,left,3,false,12913,1,t10,4.98904109589041,NA,test
6,180425_3_pref,4,preference,Pig,Monkey,t4,t5,t5,left,4,true,13070,0,t4,4.98904109589041,NA,test
7,180425_3_pref,4,preference,Beaver,Dog,t8,t12,t8,right,5,false,12567,0,t12,4.98904109589041,NA,test
8,180425_3_pref,4,preference,Elephant,Dog,t2,t11,t2,right,6,true,13442,0,t11,4.98904109589041,NA,test
9,180425_3_pref,4,preference,Frog,Bunny,t17,t16,t16,left,7,true,13841,0,t17,4.98904109589041,NA,test
10,180425_3_pref,4,preference,Tiger,NA,t9,t3,t9,right,8,false,13403,0,t3,4.98904109589041,NA,test
1,180426_1_pref,3,preference,Elephant,Beaver,car,bear,car,left,train,false,18959,1,car,3.87945205479452,NA,train
2,180426_1_pref,3,preference,Pig,Beaver,duck,ball,ball,right,train,false,12073,1,ball,3.87945205479452,NA,train
3,180426_1_pref,3,preference,Mouse,Beaver,t14,t9,t9,left,1,false,22638,0,t14,3.87945205479452,NA,test
4,180426_1_pref,3,preference,Elephant,Beaver,t17,t2,t17,right,2,true,17006,0,t2,3.87945205479452,NA,test
5,180426_1_pref,3,preference,Dog,Bunny,t5,t11,t11,left,3,false,18895,0,t5,3.87945205479452,NA,test
6,180426_1_pref,3,preference,Bear,Bunny,t16,t8,t8,right,4,true,17060,1,t8,3.87945205479452,NA,test
7,180426_1_pref,3,preference,Tiger,Cat,t10,t12,t10,right,5,false,17151,0,t12,3.87945205479452,NA,test
8,180426_1_pref,3,preference,Monkey,Cat,t15,t7,t15,left,6,true,15860,1,t15,3.87945205479452,NA,test
9,180426_1_pref,3,preference,Pig,Sheep,t1,t3,t1,left,7,false,17818,1,t1,3.87945205479452,NA,test
10,180426_1_pref,3,preference,Frog,Sheep,t6,t4,t6,right,8,true,15784,0,t4,3.87945205479452,NA,test
1,180426_2_pref,3,preference,Elephant,Pig,car,bear,car,left,train,false,13463,1,car,3.65205479452055,NA,train
2,180426_2_pref,3,preference,Pig,Pig,duck,ball,ball,right,train,false,10798,1,ball,3.65205479452055,NA,train
3,180426_2_pref,3,preference,Bear,Pig,t10,t1,t10,left,1,false,12254,1,t10,3.65205479452055,NA,test
4,180426_2_pref,3,preference,Elephant,Pig,t16,t7,t7,right,2,true,24519,1,t7,3.65205479452055,NA,test
5,180426_2_pref,3,preference,Sheep,Frog,t14,t15,t15,left,3,true,13684,0,t14,3.65205479452055,NA,test
6,180426_2_pref,3,preference,Bunny,Mouse,t11,t2,t11,left,4,false,14735,1,t11,3.65205479452055,NA,test
7,180426_2_pref,3,preference,Tiger,Mouse,t12,t8,t8,right,5,false,14731,1,t8,3.65205479452055,NA,test
8,180426_2_pref,3,preference,Cat,Mouse,t3,t6,t3,right,6,true,15471,0,t6,3.65205479452055,NA,test
9,180426_2_pref,3,preference,Beaver,Dog,t17,t5,t5,right,7,false,16750,1,t5,3.65205479452055,NA,test
10,180426_2_pref,3,preference,Monkey,Dog,t9,t4,t9,left,8,true,14963,1,t9,3.65205479452055,NA,test
1,180426_4_pref,3,preference,Elephant,Bunny,car,bear,car,left,train,false,12946,1,car,3.58904109589041,NA,train
2,180426_4_pref,3,preference,Pig,Bunny,duck,ball,ball,right,train,false,10912,1,ball,3.58904109589041,NA,train
3,180426_4_pref,3,preference,Beaver,Bunny,t3,t6,t6,left,1,true,14057,0,t3,3.58904109589041,NA,test
4,180426_4_pref,3,preference,Elephant,Bear,t9,t16,t16,right,2,false,17090,1,t16,3.58904109589041,NA,test
5,180426_4_pref,3,preference,Frog,Bear,t15,t5,t5,right,3,true,15090,1,t5,3.58904109589041,NA,test
6,180426_4_pref,3,preference,Cat,Mouse,t7,t8,t8,right,4,false,18462,1,t8,3.58904109589041,NA,test
7,180426_4_pref,3,preference,Dog,Mouse,t4,t17,t4,left,5,true,15924,1,t4,3.58904109589041,NA,test
8,180426_4_pref,3,preference,Sheep,Pig,t10,t2,t10,left,6,false,13741,1,t10,3.58904109589041,NA,test
9,180426_4_pref,3,preference,Tiger,Pig,t12,t1,t12,left,7,true,16543,1,t12,3.58904109589041,NA,test
10,180426_4_pref,3,preference,Monkey,NA,t11,t14,t11,right,8,false,15095,0,t14,3.58904109589041,NA,test
1,180426_5_pref,3,preference,Elephant,Mouse,car,bear,car,left,train,false,16743,1,car,3.85479452054795,NA,train
2,180426_5_pref,3,preference,Pig,Mouse,duck,ball,ball,right,train,false,10533,1,ball,3.85479452054795,NA,train
3,180426_5_pref,3,preference,Elephant,Mouse,t6,t1,t6,left,1,false,14819,1,t6,3.85479452054795,NA,test
4,180426_5_pref,3,preference,Beaver,Mouse,t7,t5,t5,left,2,true,16109,0,t7,3.85479452054795,NA,test
5,180426_5_pref,3,preference,Monkey,Dog,t8,t2,t2,right,3,false,14473,1,t2,3.85479452054795,NA,test
6,180426_5_pref,3,preference,Tiger,Dog,t4,t9,t9,left,4,true,13480,0,t4,3.85479452054795,NA,test
7,180426_5_pref,3,preference,Pig,Frog,t3,t11,t11,right,5,true,18753,1,t11,3.85479452054795,NA,test
8,180426_5_pref,3,preference,Cat,Bear,t15,t14,t15,left,6,false,15306,1,t15,3.85479452054795,NA,test
9,180426_5_pref,3,preference,Sheep,Bear,t16,t10,t16,right,7,true,14269,0,t10,3.85479452054795,NA,test
10,180426_5_pref,3,preference,Bunny,NA,t12,t17,t12,right,8,false,14011,0,t17,3.85479452054795,NA,test
1,180502_2_pref,3,preference,Elephant,Bunny,car,bear,car,left,train,false,12290,1,car,3.35342465753425,NA,train
2,180502_2_pref,3,preference,Pig,Bunny,duck,ball,ball,right,train,false,9949,1,ball,3.35342465753425,NA,train
3,180502_2_pref,3,preference,Dog,Bunny,t1,t16,t1,left,1,true,17780,1,t1,3.35342465753425,NA,test
4,180502_2_pref,3,preference,Tiger,Pig,t2,t17,t17,right,2,false,14347,1,t17,3.35342465753425,NA,test
5,180502_2_pref,3,preference,Cat,Pig,t7,t8,t7,left,3,true,14047,1,t7,3.35342465753425,NA,test
6,180502_2_pref,3,preference,Sheep,Mouse,t3,t14,t14,right,4,false,13342,1,t14,3.35342465753425,NA,test
7,180502_2_pref,3,preference,Beaver,Mouse,t12,t11,t12,left,5,false,13266,1,t12,3.35342465753425,NA,test
8,180502_2_pref,3,preference,Elephant,Mouse,t5,t4,t4,right,6,true,16378,1,t4,3.35342465753425,NA,test
9,180502_2_pref,3,preference,Monkey,Bear,t15,t10,t10,left,7,true,12864,0,t15,3.35342465753425,NA,test
10,180502_2_pref,3,preference,Frog,NA,t6,t9,t9,right,8,false,13591,1,t9,3.35342465753425,NA,test
1,180503_3_pref,2,preference,Elephant,Elephant,car,bear,car,left,train,false,11313,1,car,2.65479452054795,NA,train
2,180503_3_pref,2,preference,Pig,Elephant,duck,ball,ball,right,train,false,11081,1,ball,2.65479452054795,NA,train
3,180503_3_pref,2,preference,Sheep,Elephant,t12,t15,t15,left,1,false,12745,0,t12,2.65479452054795,NA,test
4,180503_3_pref,2,preference,Dog,Elephant,t14,t6,t14,right,2,true,13152,0,t6,2.65479452054795,NA,test
5,180503_3_pref,2,preference,Bunny,Pig,t2,t8,t8,left,3,false,18351,0,t2,2.65479452054795,NA,test
6,180503_3_pref,2,preference,Tiger,Pig,t11,t3,t11,right,4,true,13403,0,t3,2.65479452054795,NA,test
7,180503_3_pref,2,preference,Cat,Frog,t9,t5,t5,left,5,true,14051,0,t9,2.65479452054795,NA,test
8,180503_3_pref,2,preference,Bear,Beaver,t16,t4,t4,left,6,false,12712,0,t16,2.65479452054795,NA,test
9,180503_3_pref,2,preference,Mouse,Beaver,t17,t10,t17,right,7,false,17318,0,t10,2.65479452054795,NA,test
10,180503_3_pref,2,preference,Monkey,Beaver,t1,t7,t1,right,8,true,10182,0,t7,2.65479452054795,NA,test
1,180503_4_pref,3,preference,Elephant,Dog,car,bear,car,left,train,false,10970,1,car,3.10684931506849,NA,train
2,180503_4_pref,3,preference,Pig,Dog,duck,ball,ball,right,train,false,10232,1,ball,3.10684931506849,NA,train
3,180503_4_pref,3,preference,Monkey,Dog,t11,t6,t6,left,1,true,14992,0,t11,3.10684931506849,NA,test
4,180503_4_pref,3,preference,Mouse,Elephant,t15,t9,t9,left,2,false,13298,0,t15,3.10684931506849,NA,test
5,180503_4_pref,3,preference,Pig,Elephant,t17,t12,t12,right,3,false,14349,1,t12,3.10684931506849,NA,test
6,180503_4_pref,3,preference,Tiger,Elephant,t8,t16,t8,right,4,true,15148,0,t16,3.10684931506849,NA,test
7,180503_4_pref,3,preference,Cat,Bear,t7,t10,t7,right,5,true,13315,0,t10,3.10684931506849,NA,test
8,180503_4_pref,3,preference,Beaver,Sheep,t14,t2,t2,left,6,false,13390,0,t14,3.10684931506849,NA,test
9,180503_4_pref,3,preference,Frog,Sheep,t3,t5,t5,right,7,false,14488,1,t5,3.10684931506849,NA,test
10,180503_4_pref,3,preference,Bunny,Sheep,t1,t4,t4,left,8,true,19238,0,t1,3.10684931506849,NA,test
1,180504_2_pref,3,preference,Elephant,Dog,car,bear,car,left,train,false,11347,1,car,3.62465753424658,NA,train
2,180504_2_pref,3,preference,Pig,Dog,duck,ball,ball,right,train,false,11661,1,ball,3.62465753424658,NA,train
3,180504_2_pref,3,preference,Bear,Dog,t14,t2,t14,left,1,false,12647,1,t14,3.62465753424658,NA,test
4,180504_2_pref,3,preference,Mouse,Dog,t16,t10,t16,left,2,true,16788,1,t16,3.62465753424658,NA,test
5,180504_2_pref,3,preference,Elephant,Cat,t4,t1,t4,right,3,false,17466,0,t1,3.62465753424658,NA,test
6,180504_2_pref,3,preference,Beaver,Cat,t5,t11,t5,left,4,true,13753,1,t5,3.62465753424658,NA,test
7,180504_2_pref,3,preference,Sheep,Monkey,t7,t9,t9,right,5,false,13286,1,t9,3.62465753424658,NA,test
8,180504_2_pref,3,preference,Frog,Monkey,t6,t3,t3,right,6,true,14427,1,t3,3.62465753424658,NA,test
9,180504_2_pref,3,preference,Bunny,Pig,t8,t17,t17,right,7,true,13844,1,t17,3.62465753424658,NA,test
10,180504_2_pref,3,preference,Tiger,NA,t15,t12,t15,left,8,false,13835,1,t15,3.62465753424658,NA,test
1,180511_1b_pref,4,preference,Elephant,Frog,car,bear,car,left,train,false,13748,1,car,4.86027397260274,NA,train
2,180511_1b_pref,4,preference,Pig,Frog,duck,ball,ball,right,train,false,9997,1,ball,4.86027397260274,NA,train
3,180511_1b_pref,4,preference,Beaver,Frog,t15,t14,t15,right,1,true,19173,0,t14,4.86027397260274,NA,test
4,180511_1b_pref,4,preference,Mouse,Pig,t9,t7,t7,right,2,false,10168,1,t7,4.86027397260274,NA,test
5,180511_1b_pref,4,preference,Cat,Pig,t12,t8,t12,left,3,true,12957,1,t12,4.86027397260274,NA,test
6,180511_1b_pref,4,preference,Sheep,Dog,t16,t6,t6,right,4,false,13154,1,t6,4.86027397260274,NA,test
7,180511_1b_pref,4,preference,Bunny,Dog,t10,t5,t5,right,5,true,13534,1,t5,4.86027397260274,NA,test
8,180511_1b_pref,4,preference,Tiger,Elephant,t11,t3,t3,left,6,false,13549,0,t11,4.86027397260274,NA,test
9,180511_1b_pref,4,preference,Monkey,Elephant,t17,t4,t17,left,7,true,8680,1,t17,4.86027397260274,NA,test
10,180511_1b_pref,4,preference,Bear,NA,t2,t1,t2,left,8,false,8716,1,t2,4.86027397260274,NA,test
1,180511_3_pref,4,preference,Elephant,Frog,car,bear,car,left,train,false,14059,1,car,4.54520547945206,NA,train
2,180511_3_pref,4,preference,Pig,Frog,duck,ball,ball,right,train,false,10136,1,ball,4.54520547945206,NA,train
3,180511_3_pref,4,preference,Dog,Frog,t11,t3,t3,right,1,true,23666,1,t3,4.54520547945206,NA,test
4,180511_3_pref,4,preference,Sheep,Mouse,t12,t5,t5,right,2,false,21813,1,t5,4.54520547945206,NA,test
5,180511_3_pref,4,preference,Cat,Mouse,t1,t8,t8,right,3,false,14515,1,t8,4.54520547945206,NA,test
6,180511_3_pref,4,preference,Monkey,Mouse,t14,t17,t17,right,4,true,14850,1,t17,4.54520547945206,NA,test
7,180511_3_pref,4,preference,Beaver,Pig,t16,t9,t9,left,5,true,13847,0,t16,4.54520547945206,NA,test
8,180511_3_pref,4,preference,Tiger,Elephant,t4,t10,t4,left,6,false,13946,1,t4,4.54520547945206,NA,test
9,180511_3_pref,4,preference,Bear,Elephant,t2,t6,t6,left,7,true,14368,0,t2,4.54520547945206,NA,test
10,180511_3_pref,4,preference,Bunny,NA,t15,t7,t15,left,8,false,14341,1,t15,4.54520547945206,NA,test
1,180511_5_pref,3,preference,Elephant,Beaver,car,bear,car,left,train,false,14663,1,car,3.7041095890411,NA,train
2,180511_5_pref,3,preference,Pig,Beaver,duck,ball,ball,right,train,false,10409,1,ball,3.7041095890411,NA,train
3,180511_5_pref,3,preference,Mouse,Beaver,t17,t15,t15,left,1,true,14782,0,t17,3.7041095890411,NA,test
4,180511_5_pref,3,preference,Pig,Monkey,t12,t1,t1,right,2,false,14315,1,t1,3.7041095890411,NA,test
5,180511_5_pref,3,preference,Elephant,Monkey,t4,t11,t4,left,3,true,13745,1,t4,3.7041095890411,NA,test
6,180511_5_pref,3,preference,Bear,Tiger,t2,t5,t2,right,4,false,12484,0,t5,3.7041095890411,NA,test
7,180511_5_pref,3,preference,Dog,Tiger,t3,t9,t3,left,5,true,14191,1,t3,3.7041095890411,NA,test
8,180511_5_pref,3,preference,Frog,Cat,t14,t6,t14,right,6,false,13547,0,t6,3.7041095890411,NA,test
9,180511_5_pref,3,preference,Sheep,Cat,t10,t8,t10,right,7,true,13841,0,t8,3.7041095890411,NA,test
10,180511_5_pref,3,preference,Bunny,NA,t7,t16,t16,left,8,false,13511,0,t7,3.7041095890411,NA,test
1,180718_1_pref,4,preference,Elephant,Bear,car,bear,car,left,train,false,11486,1,car,4.55890410958904,NA,train
2,180718_1_pref,4,preference,Pig,Bear,duck,ball,ball,right,train,false,8414,1,ball,4.55890410958904,NA,train
3,180718_1_pref,4,preference,Beaver,Bear,t11,t14,t14,right,1,true,16416,1,t14,4.55890410958904,NA,test
4,180718_1_pref,4,preference,Mouse,Frog,t6,t10,t10,right,2,false,15239,1,t10,4.55890410958904,NA,test
5,180718_1_pref,4,preference,Cat,Frog,t4,t1,t4,left,3,false,12723,1,t4,4.55890410958904,NA,test
6,180718_1_pref,4,preference,Sheep,Frog,t8,t15,t8,right,4,true,16923,0,t15,4.55890410958904,NA,test
7,180718_1_pref,4,preference,Tiger,Dog,t3,t12,t12,left,5,true,13472,0,t3,4.55890410958904,NA,test
8,180718_1_pref,4,preference,Monkey,Elephant,t16,t2,t2,right,6,false,13058,1,t2,4.55890410958904,NA,test
9,180718_1_pref,4,preference,Bunny,Elephant,t7,t9,t7,left,7,false,13876,1,t7,4.55890410958904,NA,test
10,180718_1_pref,4,preference,Pig,Elephant,t5,t17,t17,left,8,true,15674,0,t5,4.55890410958904,NA,test
1,180718_2_pref,3,preference,Elephant,Pig,car,bear,car,left,train,false,12769,1,car,3.77260273972603,NA,train
2,180718_2_pref,3,preference,Pig,Pig,duck,ball,ball,right,train,false,8253,1,ball,3.77260273972603,NA,train
3,180718_2_pref,3,preference,Tiger,Pig,t17,t10,t10,left,1,true,13795,0,t17,3.77260273972603,NA,test
4,180718_2_pref,3,preference,Cat,Dog,t7,t11,t11,right,2,false,14038,1,t11,3.77260273972603,NA,test
5,180718_2_pref,3,preference,Mouse,Dog,t6,t1,t1,left,3,true,14368,0,t6,3.77260273972603,NA,test
6,180718_2_pref,3,preference,Frog,Monkey,t16,t8,t16,left,4,false,14277,1,t16,3.77260273972603,NA,test
7,180718_2_pref,3,preference,Sheep,Monkey,t3,t12,t12,right,5,false,13345,1,t12,3.77260273972603,NA,test
8,180718_2_pref,3,preference,Elephant,Monkey,t5,t2,t5,left,6,true,14422,1,t5,3.77260273972603,NA,test
9,180718_2_pref,3,preference,Bear,Bunny,t4,t15,t4,right,7,true,14473,0,t15,3.77260273972603,NA,test
10,180718_2_pref,3,preference,Beaver,NA,t14,t9,t14,right,8,false,13720,0,t9,3.77260273972603,NA,test
1,180718_3_pref,2,preference,Elephant,Frog,car,bear,car,left,train,false,27933,1,car,2.87397260273973,NA,train
2,180718_3_pref,2,preference,Pig,Frog,duck,ball,ball,right,train,false,13914,1,ball,2.87397260273973,NA,train
3,180718_3_pref,2,preference,Beaver,Frog,t7,t16,t16,right,1,false,14555,1,t16,2.87397260273973,NA,test
4,180718_3_pref,2,preference,Sheep,Frog,t1,t5,t5,right,2,true,22497,1,t5,2.87397260273973,NA,test
5,180718_3_pref,2,preference,Bunny,Monkey,t12,t2,t2,left,3,true,15664,0,t12,2.87397260273973,NA,test
6,180718_3_pref,2,preference,Tiger,Mouse,t15,t10,t15,left,4,false,16127,1,t15,2.87397260273973,NA,test
7,180718_3_pref,2,preference,Bear,Mouse,t6,t11,t11,right,5,true,21536,1,t11,2.87397260273973,NA,test
8,180718_3_pref,2,preference,Cat,Dog,t4,t17,t17,right,6,false,18154,1,t17,2.87397260273973,NA,test
9,180718_3_pref,2,preference,Pig,Dog,t9,t8,t8,left,7,false,19293,0,t9,2.87397260273973,NA,test
10,180718_3_pref,2,preference,Elephant,Dog,t3,t14,t3,left,8,true,17855,1,t3,2.87397260273973,NA,test
1,180718_4_pref,2,preference,Elephant,Monkey,car,bear,car,left,train,false,12968,1,car,2.56986301369863,NA,train
2,180718_4_pref,2,preference,Pig,Monkey,duck,ball,ball,right,train,false,11223,1,ball,2.56986301369863,NA,train
3,180718_4_pref,2,preference,Cat,Monkey,t3,t14,t3,left,1,true,14504,1,t3,2.56986301369863,NA,test
4,180718_4_pref,2,preference,Frog,Bear,t12,t5,t5,right,2,false,14972,1,t5,2.56986301369863,NA,test
5,180718_4_pref,2,preference,Mouse,Bear,t16,t9,t16,left,3,false,12072,1,t16,2.56986301369863,NA,test
6,180718_4_pref,2,preference,Tiger,Bear,t15,t11,t15,left,4,true,15290,1,t15,2.56986301369863,NA,test
7,180718_4_pref,2,preference,Beaver,Pig,t4,t10,t4,left,5,true,44307,1,t4,2.56986301369863,NA,test
8,180718_4_pref,2,preference,Bunny,Dog,t17,t6,t6,right,6,false,9738,1,t6,2.56986301369863,NA,test
9,180718_4_pref,2,preference,Sheep,Dog,t2,t8,t8,right,7,true,13740,1,t8,2.56986301369863,NA,test
10,180718_4_pref,2,preference,Elephant,NA,t1,t7,t7,right,8,false,8760,1,t7,2.56986301369863,NA,test
1,180718_5_pref,3,preference,Elephant,Bunny,car,bear,car,left,train,false,12913,1,car,3.38356164383562,NA,train
2,180718_5_pref,3,preference,Pig,Bunny,duck,ball,ball,right,train,false,11219,1,ball,3.38356164383562,NA,train
3,180718_5_pref,3,preference,Cat,Bunny,t17,t4,t4,right,1,false,14876,1,t4,3.38356164383562,NA,test
4,180718_5_pref,3,preference,Mouse,Bunny,t8,t5,t8,left,2,true,14285,1,t8,3.38356164383562,NA,test
5,180718_5_pref,3,preference,Sheep,Pig,t6,t2,t2,right,3,false,13089,1,t2,3.38356164383562,NA,test
6,180718_5_pref,3,preference,Monkey,Pig,t15,t10,t15,left,4,true,13642,1,t15,3.38356164383562,NA,test
7,180718_5_pref,3,preference,Beaver,Frog,t12,t16,t12,left,5,false,13344,1,t12,3.38356164383562,NA,test
8,180718_5_pref,3,preference,Bear,Frog,t14,t7,t7,right,6,true,13690,1,t7,3.38356164383562,NA,test
9,180718_5_pref,3,preference,Elephant,Tiger,t11,t9,t11,left,7,false,16408,1,t11,3.38356164383562,NA,test
10,180718_5_pref,3,preference,Dog,Tiger,t3,t1,t1,right,8,true,15887,1,t1,3.38356164383562,NA,test
1,180718_8_pref,3,preference,Elephant,Elephant,car,bear,car,left,train,false,11476,1,car,3.91232876712329,NA,train
2,180718_8_pref,3,preference,Pig,Elephant,duck,ball,ball,right,train,false,9721,1,ball,3.91232876712329,NA,train
3,180718_8_pref,3,preference,Mouse,Elephant,t8,t17,t8,right,1,false,51893,0,t17,3.91232876712329,NA,test
4,180718_8_pref,3,preference,Cat,Elephant,t4,t16,t16,right,2,true,11615,1,t16,3.91232876712329,NA,test
5,180718_8_pref,3,preference,Beaver,Monkey,t2,t12,t2,left,3,false,9364,1,t2,3.91232876712329,NA,test
6,180718_8_pref,3,preference,Tiger,Monkey,t5,t15,t15,left,4,true,9877,0,t5,3.91232876712329,NA,test
7,180718_8_pref,3,preference,Sheep,Dog,t10,t11,t10,left,5,false,8731,1,t10,3.91232876712329,NA,test
8,180718_8_pref,3,preference,Pig,Dog,t9,t3,t3,left,6,true,15427,0,t9,3.91232876712329,NA,test
9,180718_8_pref,3,preference,Frog,Bunny,t6,t1,t1,right,7,false,8757,1,t1,3.91232876712329,NA,test
10,180718_8_pref,3,preference,Bear,Bunny,t14,t7,t7,right,8,true,8334,1,t7,3.91232876712329,NA,test
1,180722_10_pref,4,preference,Elephant,Mouse,car,bear,car,left,train,false,10545,1,car,4.68219178082192,NA,train
2,180722_10_pref,4,preference,Pig,Mouse,duck,ball,ball,right,train,false,9834,1,ball,4.68219178082192,NA,train
3,180722_10_pref,4,preference,Tiger,Mouse,t8,t4,t8,right,1,true,19148,0,t4,4.68219178082192,NA,test
4,180722_10_pref,4,preference,Elephant,Frog,t11,t2,t2,left,2,false,13700,0,t11,4.68219178082192,NA,test
5,180722_10_pref,4,preference,Sheep,Frog,t14,t16,t14,right,3,true,13635,0,t16,4.68219178082192,NA,test
6,180722_10_pref,4,preference,Beaver,Dog,t15,t5,t15,right,4,false,13874,0,t5,4.68219178082192,NA,test
7,180722_10_pref,4,preference,Cat,Dog,t6,t9,t6,left,5,true,13006,1,t6,4.68219178082192,NA,test
8,180722_10_pref,4,preference,Bunny,Bear,t10,t1,t1,right,6,false,15289,1,t1,4.68219178082192,NA,test
9,180722_10_pref,4,preference,Pig,Bear,t17,t7,t17,left,7,false,14035,1,t17,4.68219178082192,NA,test
10,180722_10_pref,4,preference,Monkey,Bear,t12,t3,t3,left,8,true,12690,0,t12,4.68219178082192,NA,test
1,180722_2_pref,4,preference,Elephant,Bear,car,bear,car,left,train,false,14865,1,car,4.13424657534247,NA,train
2,180722_2_pref,4,preference,Pig,Bear,duck,ball,ball,right,train,false,14667,1,ball,4.13424657534247,NA,train
3,180722_2_pref,4,preference,Sheep,Bear,t10,t3,t10,left,1,false,17362,1,t10,4.13424657534247,NA,test
4,180722_2_pref,4,preference,Tiger,Bear,t9,t6,t6,left,2,true,18810,0,t9,4.13424657534247,NA,test
5,180722_2_pref,4,preference,Beaver,Bunny,t11,t4,t11,left,3,true,21573,1,t11,4.13424657534247,NA,test
6,180722_2_pref,4,preference,Elephant,Frog,t17,t5,t5,right,4,false,16345,1,t5,4.13424657534247,NA,test
7,180722_2_pref,4,preference,Monkey,Frog,t2,t7,t7,left,5,true,15236,0,t2,4.13424657534247,NA,test
8,180722_2_pref,4,preference,Cat,Mouse,t12,t8,t12,right,6,false,18350,0,t8,4.13424657534247,NA,test
9,180722_2_pref,4,preference,Pig,Mouse,t16,t1,t1,right,7,false,17381,1,t1,4.13424657534247,NA,test
10,180722_2_pref,4,preference,Dog,Mouse,t15,t14,t14,right,8,true,21840,1,t14,4.13424657534247,NA,test
1,180722_7_pref,2,preference,Elephant,Bear,car,bear,car,left,train,false,14653,1,car,2.73698630136986,NA,train
2,180722_7_pref,2,preference,Pig,Bear,duck,ball,ball,right,train,false,9471,1,ball,2.73698630136986,NA,train
3,180722_7_pref,2,preference,Dog,Bear,t2,t17,t17,left,1,false,19072,0,t2,2.73698630136986,NA,test
4,180722_7_pref,2,preference,Mouse,Bear,t8,t6,t6,left,2,true,18856,0,t8,2.73698630136986,NA,test
5,180722_7_pref,2,preference,Frog,Sheep,t10,t9,t9,left,3,true,14354,0,t10,2.73698630136986,NA,test
6,180722_7_pref,2,preference,Cat,Monkey,t12,t14,t14,right,4,false,9208,1,t14,2.73698630136986,NA,test
7,180722_7_pref,2,preference,Elephant,Monkey,t4,t15,t15,right,5,true,8820,1,t15,2.73698630136986,NA,test
8,180722_7_pref,2,preference,Beaver,Bunny,t16,t1,t1,left,6,false,8427,0,t16,2.73698630136986,NA,test
9,180722_7_pref,2,preference,Tiger,Bunny,t3,t5,t5,right,7,false,8986,1,t5,2.73698630136986,NA,test
10,180722_7_pref,2,preference,Pig,Bunny,t11,t7,t11,right,8,true,11045,0,t7,2.73698630136986,NA,test
1,180722_9_pref,4,preference,Elephant,Pig,car,bear,car,left,train,false,12386,1,car,3.89041095890411,NA,train
2,180722_9_pref,4,preference,Pig,Pig,duck,ball,ball,right,train,false,9320,1,ball,3.89041095890411,NA,train
3,180722_9_pref,4,preference,Sheep,Pig,t5,t11,t5,left,1,false,9015,1,t5,3.89041095890411,NA,test
4,180722_9_pref,4,preference,Cat,Pig,t8,t12,t12,right,2,true,8093,1,t12,3.89041095890411,NA,test
5,180722_9_pref,4,preference,Tiger,Mouse,t16,t7,t7,left,3,false,8442,0,t16,3.89041095890411,NA,test
6,180722_9_pref,4,preference,Bear,Mouse,t6,t9,t9,right,4,true,8478,1,t9,3.89041095890411,NA,test
7,180722_9_pref,4,preference,Dog,Frog,t17,t2,t2,right,5,false,8079,1,t2,3.89041095890411,NA,test
8,180722_9_pref,4,preference,Monkey,Frog,t4,t10,t10,left,6,true,8332,0,t4,3.89041095890411,NA,test
9,180722_9_pref,4,preference,Beaver,Elephant,t3,t15,t3,left,7,false,8404,1,t3,3.89041095890411,NA,test
10,180722_9_pref,4,preference,Bunny,Elephant,t14,t1,t1,right,8,true,9806,1,t1,3.89041095890411,NA,test
1,180723_14_pref,2,preference,Elephant,Sheep,car,bear,car,left,train,false,9826,1,car,2.43013698630137,NA,train
2,180723_14_pref,2,preference,Pig,Sheep,duck,ball,ball,right,train,false,15890,1,ball,2.43013698630137,NA,train
3,180723_14_pref,2,preference,Mouse,Sheep,t9,t4,t4,right,1,true,9942,1,t4,2.43013698630137,NA,test
4,180723_14_pref,2,preference,Cat,Frog,t17,t1,t17,right,2,false,16842,0,t1,2.43013698630137,NA,test
5,180723_14_pref,2,preference,Monkey,Frog,t14,t8,t8,left,3,false,22893,0,t14,2.43013698630137,NA,test
6,180723_14_pref,2,preference,Bunny,Frog,t10,t3,t3,left,4,true,25111,0,t10,2.43013698630137,NA,test
7,180723_14_pref,2,preference,Dog,Pig,t11,t2,t2,left,5,true,28277,0,t11,2.43013698630137,NA,test
8,180723_14_pref,2,preference,Beaver,Tiger,t12,t5,t5,left,6,false,22065,0,t12,2.43013698630137,NA,test
9,180723_14_pref,2,preference,Elephant,Tiger,t16,t7,t16,right,7,true,11457,0,t7,2.43013698630137,NA,test
10,180723_14_pref,2,preference,Bear,NA,t15,t6,t15,right,8,false,15039,0,t6,2.43013698630137,NA,test
1,180723_15_pref,2,preference,Elephant,Bunny,car,bear,car,left,train,false,25436,1,car,2.33698630136986,NA,train
2,180723_15_pref,2,preference,Pig,Bunny,duck,ball,ball,right,train,false,14792,1,ball,2.33698630136986,NA,train
3,180723_15_pref,2,preference,Sheep,Bunny,t9,t7,t7,left,1,false,28688,0,t9,2.33698630136986,NA,test
4,180723_15_pref,2,preference,Elephant,Bunny,t12,t5,t5,left,2,true,38802,0,t12,2.33698630136986,NA,test
5,180723_15_pref,2,preference,Dog,Bear,t11,t6,t6,right,3,true,21373,1,t6,2.33698630136986,NA,test
6,180723_15_pref,2,preference,Beaver,Monkey,t14,t17,t17,left,4,false,32961,0,t14,2.33698630136986,NA,test
7,180723_15_pref,2,preference,Tiger,Monkey,t3,t1,t1,right,5,false,26785,1,t1,2.33698630136986,NA,test
8,180723_15_pref,2,preference,Pig,Monkey,t15,t8,t8,right,6,true,17566,1,t8,2.33698630136986,NA,test
9,180723_15_pref,2,preference,Frog,Mouse,t4,t10,t10,right,7,true,21490,1,t10,2.33698630136986,NA,test
10,180723_15_pref,2,preference,Cat,NA,t2,t16,t16,left,8,false,17310,0,t2,2.33698630136986,NA,test
1,180723_1_pref,2,preference,Elephant,Mouse,car,bear,car,left,train,false,22841,1,car,2,NA,train
2,180723_1_pref,2,preference,Pig,Mouse,duck,ball,ball,right,train,false,12009,1,ball,2,NA,train
3,180723_1_pref,2,preference,Tiger,Mouse,t12,t5,t5,right,1,true,15741,1,t5,2,NA,test
4,180723_1_pref,2,preference,Monkey,Bear,t1,t16,t16,left,2,false,13908,0,t1,2,NA,test
5,180723_1_pref,2,preference,Elephant,Bear,t3,t10,t10,left,3,false,12743,0,t3,2,NA,test
6,180723_1_pref,2,preference,Bunny,Bear,t11,t2,t2,right,4,true,14173,1,t2,2,NA,test
7,180723_1_pref,2,preference,Cat,Pig,t17,t15,t17,right,5,false,14000,0,t15,2,NA,test
8,180723_1_pref,2,preference,Sheep,Pig,t4,t6,t4,left,6,true,13711,1,t4,2,NA,test
9,180723_1_pref,2,preference,Frog,Dog,t7,t8,t7,left,7,false,13992,1,t7,2,NA,test
10,180723_1_pref,2,preference,Beaver,Dog,t9,t14,t14,right,8,true,13178,1,t14,2,NA,test
1,180723_8_pref,2,preference,Elephant,Mouse,car,bear,car,left,train,false,18946,1,car,2.38630136986301,NA,train
2,180723_8_pref,2,preference,Pig,Mouse,duck,ball,ball,right,train,false,8205,1,ball,2.38630136986301,NA,train
3,180723_8_pref,2,preference,Pig,Mouse,t14,t5,t14,left,1,true,31813,1,t14,2.38630136986301,NA,test
4,180723_8_pref,2,preference,Monkey,Beaver,t10,t17,t10,left,2,false,15851,1,t10,2.38630136986301,NA,test
5,180723_8_pref,2,preference,Tiger,Beaver,t6,t16,t16,right,3,true,19569,1,t16,2.38630136986301,NA,test
6,180723_8_pref,2,preference,Frog,Bear,t15,t1,t1,right,4,false,11176,1,t1,2.38630136986301,NA,test
7,180723_8_pref,2,preference,Sheep,Bear,t8,t2,t2,right,5,false,10397,1,t2,2.38630136986301,NA,test
8,180723_8_pref,2,preference,Bunny,Bear,t4,t11,t11,left,6,true,30830,0,t4,2.38630136986301,NA,test
9,180723_8_pref,2,preference,Cat,Dog,t9,t3,t9,right,7,true,15202,0,t3,2.38630136986301,NA,test
10,180723_8_pref,2,preference,Elephant,NA,t7,t12,t7,left,8,false,9360,1,t7,2.38630136986301,NA,test
1,180723_9_pref,2,preference,Elephant,Elephant,car,bear,car,left,train,false,12148,1,car,2.23013698630137,NA,train
2,180723_9_pref,2,preference,Pig,Elephant,duck,ball,ball,right,train,false,18452,1,ball,2.23013698630137,NA,train
3,180723_9_pref,2,preference,Monkey,Elephant,t9,t11,t11,right,1,false,17709,1,t11,2.23013698630137,NA,test
4,180723_9_pref,2,preference,Sheep,Elephant,t16,t2,t2,right,2,true,16606,1,t2,2.23013698630137,NA,test
5,180723_9_pref,2,preference,Beaver,Dog,t12,t14,t14,left,3,true,14155,0,t12,2.23013698630137,NA,test
6,180723_9_pref,2,preference,Pig,Bear,t15,t3,t3,left,4,false,13920,0,t15,2.23013698630137,NA,test
7,180723_9_pref,2,preference,Cat,Bear,t17,t8,t8,left,5,true,12056,0,t17,2.23013698630137,NA,test
8,180723_9_pref,2,preference,Tiger,Mouse,t4,t7,t7,right,6,false,14542,1,t7,2.23013698630137,NA,test
9,180723_9_pref,2,preference,Frog,Mouse,t1,t5,t5,right,7,false,15907,1,t5,2.23013698630137,NA,test
10,180723_9_pref,2,preference,Bunny,Mouse,t6,t10,t10,left,8,true,15191,0,t6,2.23013698630137,NA,test
1,190718_1_pref,2,preference,Elephant,Monkey,car,bear,car,left,train,false,8874,1,car,2.2027397260274,NA,train
2,190718_1_pref,2,preference,Pig,Monkey,duck,ball,ball,right,train,false,10508,1,ball,2.2027397260274,NA,train
3,190718_1_pref,2,preference,Tiger,Monkey,t14,t17,t17,right,1,true,11487,1,t17,2.2027397260274,NA,test
4,190718_1_pref,2,preference,Pig,Bunny,t9,t5,t5,left,2,false,14670,0,t9,2.2027397260274,NA,test
5,190718_1_pref,2,preference,Elephant,Bunny,t1,t7,t7,right,3,true,8071,1,t7,2.2027397260274,NA,test
6,190718_1_pref,2,preference,Sheep,Mouse,t4,t8,t8,left,4,false,14621,0,t4,2.2027397260274,NA,test
7,190718_1_pref,2,preference,Beaver,Mouse,t10,t11,t11,left,5,false,9856,0,t10,2.2027397260274,NA,test
8,190718_1_pref,2,preference,Cat,Mouse,t12,t16,t16,right,6,true,14463,1,t16,2.2027397260274,NA,test
9,190718_1_pref,2,preference,Dog,Frog,t2,t3,t2,right,7,false,10438,0,t3,2.2027397260274,NA,test
10,190718_1_pref,2,preference,Bear,Frog,t15,t6,t15,left,8,true,8057,1,t15,2.2027397260274,NA,test
1,190718_5_pref,4,preference,Elephant,Mouse,car,bear,car,left,train,false,12639,1,car,4.11780821917808,NA,train
2,190718_5_pref,4,preference,Pig,Mouse,duck,ball,ball,right,train,false,10608,1,ball,4.11780821917808,NA,train
3,190718_5_pref,4,preference,Cat,Mouse,t5,t8,t5,right,1,true,20646,0,t8,4.11780821917808,NA,test
4,190718_5_pref,4,preference,Sheep,Elephant,t10,t12,t10,left,2,false,8717,1,t10,4.11780821917808,NA,test
5,190718_5_pref,4,preference,Bear,Elephant,t2,t4,t2,right,3,false,15645,0,t4,4.11780821917808,NA,test
6,190718_5_pref,4,preference,Frog,Elephant,t7,t9,t9,right,4,true,9885,1,t9,4.11780821917808,NA,test
7,190718_5_pref,4,preference,Beaver,Bunny,t6,t17,t6,left,5,true,9787,1,t6,4.11780821917808,NA,test
8,190718_5_pref,4,preference,Tiger,Pig,t11,t14,t11,left,6,false,8536,1,t11,4.11780821917808,NA,test
9,190718_5_pref,4,preference,Dog,Pig,t16,t15,t16,left,7,false,14440,1,t16,4.11780821917808,NA,test
10,190718_5_pref,4,preference,Monkey,Pig,t1,t3,t3,right,8,true,14806,1,t3,4.11780821917808,NA,test
1,190718_6_pref,2,preference,Elephant,Elephant,car,bear,car,left,train,false,13092,1,car,2.14794520547945,NA,train
2,190718_6_pref,2,preference,Pig,Elephant,duck,ball,ball,right,train,false,11621,1,ball,2.14794520547945,NA,train
3,190718_6_pref,2,preference,Pig,Elephant,t11,t3,t3,right,1,false,15071,1,t3,2.14794520547945,NA,test
4,190718_6_pref,2,preference,Tiger,Elephant,t5,t1,t1,right,2,true,14077,1,t1,2.14794520547945,NA,test
5,190718_6_pref,2,preference,Sheep,Frog,t14,t8,t8,right,3,false,13239,1,t8,2.14794520547945,NA,test
6,190718_6_pref,2,preference,Cat,Frog,t17,t15,t15,left,4,true,8340,0,t17,2.14794520547945,NA,test
7,190718_6_pref,2,preference,Beaver,Mouse,t12,t7,t7,left,5,false,8474,0,t12,2.14794520547945,NA,test
8,190718_6_pref,2,preference,Bear,Mouse,t9,t2,t2,left,6,true,15532,0,t9,2.14794520547945,NA,test
9,190718_6_pref,2,preference,Monkey,Dog,t16,t6,t6,left,7,false,8501,0,t16,2.14794520547945,NA,test
10,190718_6_pref,2,preference,Bunny,Dog,t10,t4,t4,right,8,true,18294,1,t4,2.14794520547945,NA,test
1,190718_7_pref,4,preference,Elephant,Pig,car,bear,car,left,train,false,12278,1,car,4.00547945205479,NA,train
2,190718_7_pref,4,preference,Pig,Pig,duck,ball,ball,right,train,false,10355,1,ball,4.00547945205479,NA,train
3,190718_7_pref,4,preference,Sheep,Pig,t12,t5,t12,left,1,false,15602,1,t12,4.00547945205479,NA,test
4,190718_7_pref,4,preference,Beaver,Pig,t14,t17,t14,left,2,true,14106,1,t14,4.00547945205479,NA,test
5,190718_7_pref,4,preference,Tiger,Mouse,t9,t11,t11,right,3,false,13873,1,t11,4.00547945205479,NA,test
6,190718_7_pref,4,preference,Cat,Mouse,t15,t6,t6,left,4,true,16455,0,t15,4.00547945205479,NA,test
7,190718_7_pref,4,preference,Bunny,Bear,t3,t8,t8,left,5,true,13288,0,t3,4.00547945205479,NA,test
8,190718_7_pref,4,preference,Frog,Monkey,t4,t7,t7,right,6,false,13450,1,t7,4.00547945205479,NA,test
9,190718_7_pref,4,preference,Dog,Monkey,t2,t1,t2,right,7,true,10914,0,t1,4.00547945205479,NA,test
10,190718_7_pref,4,preference,Elephant,NA,t16,t10,t10,right,8,false,13063,1,t10,4.00547945205479,NA,test
1,190718_8_pref,2,preference,Elephant,Beaver,car,bear,car,left,train,false,12318,1,car,2.97808219178082,NA,train
1,190718_9_pref,4,preference,Elephant,Bunny,car,bear,car,left,train,false,11763,1,car,4.72054794520548,NA,train
2,190718_8_pref,2,preference,Pig,Beaver,duck,ball,ball,right,train,false,10069,1,ball,2.97808219178082,NA,train
2,190718_9_pref,4,preference,Pig,Bunny,duck,ball,ball,right,train,false,9654,1,ball,4.72054794520548,NA,train
3,190718_8_pref,2,preference,Tiger,Beaver,t6,t10,t6,left,1,true,12714,1,t6,2.97808219178082,NA,test
3,190718_9_pref,4,preference,Sheep,Bunny,t3,t14,t3,left,1,false,20408,1,t3,4.72054794520548,NA,test
4,190718_8_pref,2,preference,Mouse,Sheep,t17,t9,t9,right,2,false,9444,1,t9,2.97808219178082,NA,test
4,190718_9_pref,4,preference,Frog,Bunny,t12,t7,t12,right,2,true,19076,0,t7,4.72054794520548,NA,test
5,190718_8_pref,2,preference,Pig,Sheep,t15,t7,t15,left,3,false,12215,1,t15,2.97808219178082,NA,test
5,190718_9_pref,4,preference,Pig,Monkey,t2,t1,t1,left,3,false,13071,0,t2,4.72054794520548,NA,test
6,190718_8_pref,2,preference,Monkey,Sheep,t2,t1,t1,left,4,true,13606,0,t2,2.97808219178082,NA,test
6,190718_9_pref,4,preference,Mouse,Monkey,t11,t6,t6,right,4,true,12990,1,t6,4.72054794520548,NA,test
7,190718_8_pref,2,preference,Bunny,Frog,t16,t11,t11,left,5,true,15540,0,t16,2.97808219178082,NA,test
7,190718_9_pref,4,preference,Bear,Cat,t15,t17,t15,right,5,false,12122,0,t17,4.72054794520548,NA,test
8,190718_8_pref,2,preference,Elephant,Cat,t5,t8,t5,right,6,false,10998,0,t8,2.97808219178082,NA,test
8,190718_9_pref,4,preference,Tiger,Cat,t5,t8,t8,left,6,true,13260,0,t5,4.72054794520548,NA,test
9,190718_8_pref,2,preference,Bear,Cat,t14,t12,t12,right,7,false,9022,1,t12,2.97808219178082,NA,test
9,190718_9_pref,4,preference,Elephant,Dog,t4,t16,t4,right,7,false,14071,0,t16,4.72054794520548,NA,test
10,190718_8_pref,2,preference,Dog,Cat,t3,t4,t3,right,8,true,8263,0,t4,2.97808219178082,NA,test
10,190718_9_pref,4,preference,Beaver,Dog,t10,t9,t9,left,8,true,14788,0,t10,4.72054794520548,NA,test
1,200718_5_pref,2,preference,Elephant,Dog,car,bear,car,left,train,false,17515,1,car,2.41917808219178,NA,train
2,200718_5_pref,2,preference,Pig,Dog,duck,ball,ball,right,train,false,12841,1,ball,2.41917808219178,NA,train
3,200718_5_pref,2,preference,Sheep,Dog,t14,t1,t1,right,1,true,14706,1,t1,2.41917808219178,NA,test
4,200718_5_pref,2,preference,Cat,Bear,t16,t5,t5,right,2,false,12050,1,t5,2.41917808219178,NA,test
5,200718_5_pref,2,preference,Mouse,Bear,t2,t9,t2,left,3,false,14671,1,t2,2.41917808219178,NA,test
6,200718_5_pref,2,preference,Tiger,Bear,t11,t12,t12,right,4,true,8762,1,t12,2.41917808219178,NA,test
7,200718_5_pref,2,preference,Beaver,Bunny,t4,t15,t15,left,5,true,8608,0,t4,2.41917808219178,NA,test
8,200718_5_pref,2,preference,Frog,Monkey,t17,t8,t17,left,6,false,11259,1,t17,2.41917808219178,NA,test
9,200718_5_pref,2,preference,Pig,Monkey,t6,t10,t10,left,7,false,16057,0,t6,2.41917808219178,NA,test
10,200718_5_pref,2,preference,Elephant,Monkey,t3,t7,t3,right,8,true,13765,0,t7,2.41917808219178,NA,test
1,200718_7_pref,4,preference,Elephant,Elephant,car,bear,car,left,train,false,11763,1,car,4.46027397260274,NA,train
2,200718_7_pref,4,preference,Pig,Elephant,duck,ball,ball,right,train,false,9850,1,ball,4.46027397260274,NA,train
3,200718_7_pref,4,preference,Beaver,Elephant,t4,t14,t4,right,1,true,19354,0,t14,4.46027397260274,NA,test
4,200718_7_pref,4,preference,Sheep,Frog,t8,t11,t11,right,2,false,15307,1,t11,4.46027397260274,NA,test
5,200718_7_pref,4,preference,Tiger,Frog,t5,t9,t5,left,3,true,14387,1,t5,4.46027397260274,NA,test
6,200718_7_pref,4,preference,Cat,Pig,t1,t12,t12,right,4,false,8857,1,t12,4.46027397260274,NA,test
7,200718_7_pref,4,preference,Dog,Pig,t2,t7,t7,right,5,true,11390,1,t7,4.46027397260274,NA,test
8,200718_7_pref,4,preference,Monkey,Bunny,t15,t10,t15,left,6,false,8048,1,t15,4.46027397260274,NA,test
9,200718_7_pref,4,preference,Bear,Bunny,t16,t17,t16,left,7,false,10098,1,t16,4.46027397260274,NA,test
10,200718_7_pref,4,preference,Mouse,Bunny,t6,t3,t6,left,8,true,11831,1,t6,4.46027397260274,NA,test
1,200718_6_pref,2,preference,Elephant,Mouse,car,bear,car,left,train,false,12748,1,car,2.5041095890411,NA,train
2,200718_6_pref,2,preference,Pig,Mouse,duck,ball,ball,right,train,false,10256,1,ball,2.5041095890411,NA,train
3,200718_6_pref,2,preference,Monkey,Mouse,t7,t4,t7,left,1,true,9909,1,t7,2.5041095890411,NA,test
4,200718_6_pref,2,preference,Elephant,Bear,t8,t2,t2,right,2,false,8188,1,t2,2.5041095890411,NA,test
5,200718_6_pref,2,preference,Tiger,Bear,t9,t17,t17,left,3,false,10452,0,t9,2.5041095890411,NA,test
6,200718_6_pref,2,preference,Cat,Bear,t5,t16,t16,left,4,true,15969,0,t5,2.5041095890411,NA,test
7,200718_6_pref,2,preference,Bunny,Frog,t11,t6,t11,right,5,false,9791,0,t6,2.5041095890411,NA,test
8,200718_6_pref,2,preference,Pig,Frog,t14,t3,t14,left,6,true,9921,1,t14,2.5041095890411,NA,test
9,200718_6_pref,2,preference,Sheep,Dog,t15,t1,t15,right,7,true,9488,0,t1,2.5041095890411,NA,test
10,200718_6_pref,2,preference,Beaver,NA,t12,t10,t12,right,8,false,8536,0,t10,2.5041095890411,NA,test
1,180427_1_pref,4,preference,Elephant,NA,car,bear,car,right,train,false,0,1,NA,4.320329,1,train
2,180427_1_pref,4,preference,Pig,NA,duck,ball,ball,left,train,false,0,1,NA,4.320329,2,train
3,180427_1_pref,4,preference,Beaver,Elephant,t14,t10,t14,right,1,true,0,0,NA,4.320329,3,test
4,180427_1_pref,4,preference,Sheep,NA,t6,t9,t9,right,2,false,0,1,NA,4.320329,4,test
5,180427_1_pref,4,preference,Tiger,Bear,t7,t17,t17,left,3,true,0,0,NA,4.320329,5,test
6,180427_1_pref,4,preference,Cat,NA,t4,t11,t11,right,4,false,0,1,NA,4.320329,6,test
7,180427_1_pref,4,preference,Pig,NA,t3,t8,t3,left,5,false,0,1,NA,4.320329,7,test
8,180427_1_pref,4,preference,Monkey,Mouse,t15,t17,t17,left,6,true,0,0,NA,4.320329,8,test
9,180427_1_pref,4,preference,Frog,Dog,t13,t2,t13,right,7,true,0,0,NA,4.320329,9,test
10,180427_1_pref,4,preference,Bunny,NA,t1,t16,t1,left,8,false,0,1,NA,4.320329,10,test
