subid,subage,condition,trial,speakerChange,agent,altAgent,leftFruit,rightFruit,pref,pick,correct,rt,test_date,experiment,experimenter,keep_drop,sex,dob,age_num,check_age
190201_3_pref2,3,preference,train,false,Elephant,Dog,car,bear,left,http://langcog.stanford.edu/expts/mcc/experiments/kids_preference/images/car.png,1,12207,2019-02-01,mcc_kids_pref_2,MM,keep,F,2015-04-02,3.8383561643835615,TRUE
190201_3_pref2,3,preference,train,false,Pig,Dog,duck,ball,right,http://langcog.stanford.edu/expts/mcc/experiments/kids_preference/images/ball.png,1,10706,2019-02-01,mcc_kids_pref_2,MM,keep,F,2015-04-02,3.8383561643835615,TRUE
190201_3_pref2,3,preference,1,true,Sheep,Dog,t5,t11,left,http://langcog.stanford.edu/expts/mcc/experiments/kids_preference/images/t11.png,0,14458,2019-02-01,mcc_kids_pref_2,MM,keep,F,2015-04-02,3.8383561643835615,TRUE
190201_3_pref2,3,preference,2,false,Mouse,Monkey,t1,t14,left,http://langcog.stanford.edu/expts/mcc/experiments/kids_preference/images/t1.png,1,12739,2019-02-01,mcc_kids_pref_2,MM,keep,F,2015-04-02,3.8383561643835615,TRUE
190201_3_pref2,3,preference,3,false,Cat,Monkey,t8,t12,right,http://langcog.stanford.edu/expts/mcc/experiments/kids_preference/images/t12.png,1,12275,2019-02-01,mcc_kids_pref_2,MM,keep,F,2015-04-02,3.8383561643835615,TRUE
190201_3_pref2,3,preference,4,true,Frog,Monkey,t6,t9,left,http://langcog.stanford.edu/expts/mcc/experiments/kids_preference/images/t6.png,1,11627,2019-02-01,mcc_kids_pref_2,MM,keep,F,2015-04-02,3.8383561643835615,TRUE
190201_3_pref2,3,preference,5,false,Beaver,Pig,t7,t15,left,http://langcog.stanford.edu/expts/mcc/experiments/kids_preference/images/t7.png,1,14440,2019-02-01,mcc_kids_pref_2,MM,keep,F,2015-04-02,3.8383561643835615,TRUE
190201_3_pref2,3,preference,6,true,Tiger,Pig,t2,t10,right,http://langcog.stanford.edu/expts/mcc/experiments/kids_preference/images/t10.png,1,13539,2019-02-01,mcc_kids_pref_2,MM,keep,F,2015-04-02,3.8383561643835615,TRUE
190201_3_pref2,3,preference,7,false,Bunny,Elephant,t16,t4,right,http://langcog.stanford.edu/expts/mcc/experiments/kids_preference/images/t4.png,1,11893,2019-02-01,mcc_kids_pref_2,MM,keep,F,2015-04-02,3.8383561643835615,TRUE
190201_3_pref2,3,preference,8,true,Bear,Elephant,t17,t3,right,http://langcog.stanford.edu/expts/mcc/experiments/kids_preference/images/t3.png,1,10140,2019-02-01,mcc_kids_pref_2,MM,keep,F,2015-04-02,3.8383561643835615,TRUE
190201_4_pref2,4,preference,train,false,Elephant,Monkey,car,bear,left,http://langcog.stanford.edu/expts/mcc/experiments/kids_preference/images/car.png,1,13085,2019-02-01,mcc_kids_pref_2,MM,keep,F,2015-01-03,4.082191780821918,TRUE
190201_4_pref2,4,preference,train,false,Pig,Monkey,duck,ball,right,http://langcog.stanford.edu/expts/mcc/experiments/kids_preference/images/ball.png,1,8948,2019-02-01,mcc_kids_pref_2,MM,keep,F,2015-01-03,4.082191780821918,TRUE
190201_4_pref2,4,preference,1,true,Elephant,Monkey,t17,t8,right,http://langcog.stanford.edu/expts/mcc/experiments/kids_preference/images/t8.png,1,15826,2019-02-01,mcc_kids_pref_2,MM,keep,F,2015-01-03,4.082191780821918,TRUE
190201_4_pref2,4,preference,2,false,Beaver,Bunny,t12,t2,left,http://langcog.stanford.edu/expts/mcc/experiments/kids_preference/images/t2.png,0,10025,2019-02-01,mcc_kids_pref_2,MM,keep,F,2015-01-03,4.082191780821918,TRUE
190201_4_pref2,4,preference,3,true,Tiger,Bunny,t4,t16,right,http://langcog.stanford.edu/expts/mcc/experiments/kids_preference/images/t4.png,0,10086,2019-02-01,mcc_kids_pref_2,MM,keep,F,2015-01-03,4.082191780821918,TRUE
190201_4_pref2,4,preference,4,false,Sheep,Mouse,t11,t6,right,http://langcog.stanford.edu/expts/mcc/experiments/kids_preference/images/t6.png,1,9538,2019-02-01,mcc_kids_pref_2,MM,keep,F,2015-01-03,4.082191780821918,TRUE
190201_4_pref2,4,preference,5,false,Cat,Mouse,t15,t5,left,http://langcog.stanford.edu/expts/mcc/experiments/kids_preference/images/t15.png,1,9806,2019-02-01,mcc_kids_pref_2,MM,keep,F,2015-01-03,4.082191780821918,TRUE
190201_4_pref2,4,preference,6,true,Bear,Mouse,t14,t7,left,http://langcog.stanford.edu/expts/mcc/experiments/kids_preference/images/t14.png,1,9223,2019-02-01,mcc_kids_pref_2,MM,keep,F,2015-01-03,4.082191780821918,TRUE
190201_4_pref2,4,preference,7,false,Pig,Dog,t9,t3,left,http://langcog.stanford.edu/expts/mcc/experiments/kids_preference/images/t9.png,1,8122,2019-02-01,mcc_kids_pref_2,MM,keep,F,2015-01-03,4.082191780821918,TRUE
190201_4_pref2,4,preference,8,true,Frog,Dog,t10,t1,right,http://langcog.stanford.edu/expts/mcc/experiments/kids_preference/images/t1.png,1,8845,2019-02-01,mcc_kids_pref_2,MM,keep,F,2015-01-03,4.082191780821918,TRUE
190201_5_pref2,3,preference,train,false,Elephant,Bunny,car,bear,left,http://langcog.stanford.edu/expts/mcc/experiments/kids_preference/images/car.png,1,9968,2019-02-01,mcc_kids_pref_2,MM,keep,M,2015-12-17,3.128767123287671,TRUE
190201_5_pref2,3,preference,train,false,Pig,Bunny,duck,ball,right,http://langcog.stanford.edu/expts/mcc/experiments/kids_preference/images/ball.png,1,8220,2019-02-01,mcc_kids_pref_2,MM,keep,M,2015-12-17,3.128767123287671,TRUE
190201_5_pref2,3,preference,1,true,Tiger,Bunny,t5,t2,right,http://langcog.stanford.edu/expts/mcc/experiments/kids_preference/images/t2.png,1,10655,2019-02-01,mcc_kids_pref_2,MM,keep,M,2015-12-17,3.128767123287671,TRUE
190201_5_pref2,3,preference,2,false,Cat,Pig,t14,t9,right,http://langcog.stanford.edu/expts/mcc/experiments/kids_preference/images/t9.png,1,12244,2019-02-01,mcc_kids_pref_2,MM,keep,M,2015-12-17,3.128767123287671,TRUE
190201_5_pref2,3,preference,3,false,Beaver,Pig,t16,t11,left,http://langcog.stanford.edu/expts/mcc/experiments/kids_preference/images/t11.png,0,13289,2019-02-01,mcc_kids_pref_2,MM,keep,M,2015-12-17,3.128767123287671,TRUE
190201_5_pref2,3,preference,4,true,Elephant,Pig,t7,t12,left,http://langcog.stanford.edu/expts/mcc/experiments/kids_preference/images/t12.png,0,11993,2019-02-01,mcc_kids_pref_2,MM,keep,M,2015-12-17,3.128767123287671,TRUE
190201_5_pref2,3,preference,5,true,Sheep,Mouse,t15,t4,right,http://langcog.stanford.edu/expts/mcc/experiments/kids_preference/images/t4.png,1,9157,2019-02-01,mcc_kids_pref_2,MM,keep,M,2015-12-17,3.128767123287671,TRUE
190201_5_pref2,3,preference,6,false,Monkey,Frog,t17,t1,right,http://langcog.stanford.edu/expts/mcc/experiments/kids_preference/images/t1.png,1,9527,2019-02-01,mcc_kids_pref_2,MM,keep,M,2015-12-17,3.128767123287671,TRUE
190201_5_pref2,3,preference,7,true,Dog,Frog,t8,t3,left,http://langcog.stanford.edu/expts/mcc/experiments/kids_preference/images/t3.png,0,8342,2019-02-01,mcc_kids_pref_2,MM,keep,M,2015-12-17,3.128767123287671,TRUE
190201_5_pref2,3,preference,8,false,Bear,NA,t6,t10,left,http://langcog.stanford.edu/expts/mcc/experiments/kids_preference/images/t10.png,0,8040,2019-02-01,mcc_kids_pref_2,MM,keep,M,2015-12-17,3.128767123287671,TRUE
190201_7_pref2,3,preference,train,false,Elephant,Bunny,car,bear,left,http://langcog.stanford.edu/expts/mcc/experiments/kids_preference/images/car.png,1,8180,2019-02-01,mcc_kids_pref_2,MM,keep,M,2015-07-04,3.5835616438356164,TRUE
190201_7_pref2,3,preference,train,false,Pig,Bunny,duck,ball,right,http://langcog.stanford.edu/expts/mcc/experiments/kids_preference/images/ball.png,1,8227,2019-02-01,mcc_kids_pref_2,MM,keep,M,2015-07-04,3.5835616438356164,TRUE
190201_7_pref2,3,preference,1,false,Beaver,Bunny,t3,t2,right,http://langcog.stanford.edu/expts/mcc/experiments/kids_preference/images/t2.png,1,12740,2019-02-01,mcc_kids_pref_2,MM,keep,M,2015-07-04,3.5835616438356164,TRUE
190201_7_pref2,3,preference,2,true,Elephant,Bunny,t11,t5,right,http://langcog.stanford.edu/expts/mcc/experiments/kids_preference/images/t5.png,1,10604,2019-02-01,mcc_kids_pref_2,MM,keep,M,2015-07-04,3.5835616438356164,TRUE
190201_7_pref2,3,preference,3,true,Dog,Bear,t7,t9,left,http://langcog.stanford.edu/expts/mcc/experiments/kids_preference/images/t7.png,1,8075,2019-02-01,mcc_kids_pref_2,MM,keep,M,2015-07-04,3.5835616438356164,TRUE
190201_7_pref2,3,preference,4,false,Sheep,Pig,t17,t8,left,http://langcog.stanford.edu/expts/mcc/experiments/kids_preference/images/t17.png,1,8270,2019-02-01,mcc_kids_pref_2,MM,keep,M,2015-07-04,3.5835616438356164,TRUE
190201_7_pref2,3,preference,5,false,Frog,Pig,t4,t1,right,http://langcog.stanford.edu/expts/mcc/experiments/kids_preference/images/t1.png,1,8056,2019-02-01,mcc_kids_pref_2,MM,keep,M,2015-07-04,3.5835616438356164,TRUE
190201_7_pref2,3,preference,6,true,Tiger,Pig,t15,t12,left,http://langcog.stanford.edu/expts/mcc/experiments/kids_preference/images/t12.png,0,8123,2019-02-01,mcc_kids_pref_2,MM,keep,M,2015-07-04,3.5835616438356164,TRUE
190201_7_pref2,3,preference,7,true,Cat,Mouse,t6,t14,right,http://langcog.stanford.edu/expts/mcc/experiments/kids_preference/images/t14.png,1,8606,2019-02-01,mcc_kids_pref_2,MM,keep,M,2015-07-04,3.5835616438356164,TRUE
190201_7_pref2,3,preference,8,false,Monkey,NA,t16,t10,left,http://langcog.stanford.edu/expts/mcc/experiments/kids_preference/images/t16.png,1,8773,2019-02-01,mcc_kids_pref_2,MM,keep,M,2015-07-04,3.5835616438356164,TRUE
190201_9_pref2,3,preference,train,false,Elephant,Cat,car,bear,left,http://langcog.stanford.edu/expts/mcc/experiments/kids_preference/images/car.png,1,11499,2019-02-01,mcc_kids_pref_2,MM,keep,M,2015-06-23,3.6136986301369864,TRUE
190201_9_pref2,3,preference,train,false,Pig,Cat,duck,ball,right,http://langcog.stanford.edu/expts/mcc/experiments/kids_preference/images/ball.png,1,8172,2019-02-01,mcc_kids_pref_2,MM,keep,M,2015-06-23,3.6136986301369864,TRUE
190201_9_pref2,3,preference,1,false,Dog,Cat,t3,t14,left,http://langcog.stanford.edu/expts/mcc/experiments/kids_preference/images/t14.png,0,9972,2019-02-01,mcc_kids_pref_2,MM,keep,M,2015-06-23,3.6136986301369864,TRUE
190201_9_pref2,3,preference,2,true,Monkey,Cat,t16,t12,right,http://langcog.stanford.edu/expts/mcc/experiments/kids_preference/images/t16.png,0,12076,2019-02-01,mcc_kids_pref_2,MM,keep,M,2015-06-23,3.6136986301369864,TRUE
190201_9_pref2,3,preference,3,true,Sheep,Pig,t11,t6,left,http://langcog.stanford.edu/expts/mcc/experiments/kids_preference/images/t6.png,0,9121,2019-02-01,mcc_kids_pref_2,MM,keep,M,2015-06-23,3.6136986301369864,TRUE
190201_9_pref2,3,preference,4,false,Bunny,Elephant,t10,t15,right,http://langcog.stanford.edu/expts/mcc/experiments/kids_preference/images/t10.png,0,15935,2019-02-01,mcc_kids_pref_2,MM,keep,M,2015-06-23,3.6136986301369864,TRUE
190201_9_pref2,3,preference,5,true,Frog,Elephant,t17,t8,left,http://langcog.stanford.edu/expts/mcc/experiments/kids_preference/images/t17.png,1,13109,2019-02-01,mcc_kids_pref_2,MM,keep,M,2015-06-23,3.6136986301369864,TRUE
190201_9_pref2,3,preference,6,false,Beaver,Mouse,t4,t1,left,http://langcog.stanford.edu/expts/mcc/experiments/kids_preference/images/t1.png,0,12093,2019-02-01,mcc_kids_pref_2,MM,keep,M,2015-06-23,3.6136986301369864,TRUE
190201_9_pref2,3,preference,7,true,Bear,Mouse,t7,t2,right,http://langcog.stanford.edu/expts/mcc/experiments/kids_preference/images/t2.png,1,10078,2019-02-01,mcc_kids_pref_2,MM,keep,M,2015-06-23,3.6136986301369864,TRUE
190201_9_pref2,3,preference,8,false,Tiger,NA,t9,t5,right,http://langcog.stanford.edu/expts/mcc/experiments/kids_preference/images/t5.png,1,10463,2019-02-01,mcc_kids_pref_2,MM,keep,M,2015-06-23,3.6136986301369864,TRUE
190201_10_pref2,3,preference,train,false,Elephant,Elephant,car,bear,left,http://langcog.stanford.edu/expts/mcc/experiments/kids_preference/images/car.png,1,9353,2019-02-01,mcc_kids_pref_2,MM,keep,M,2015-05-02,3.756164383561644,TRUE
190201_10_pref2,3,preference,train,false,Pig,Elephant,duck,ball,right,http://langcog.stanford.edu/expts/mcc/experiments/kids_preference/images/ball.png,1,8685,2019-02-01,mcc_kids_pref_2,MM,keep,M,2015-05-02,3.756164383561644,TRUE
190201_10_pref2,3,preference,1,true,Beaver,Elephant,t2,t16,left,http://langcog.stanford.edu/expts/mcc/experiments/kids_preference/images/t16.png,0,10303,2019-02-01,mcc_kids_pref_2,MM,keep,M,2015-05-02,3.756164383561644,TRUE
190201_10_pref2,3,preference,2,false,Mouse,Frog,t12,t3,right,http://langcog.stanford.edu/expts/mcc/experiments/kids_preference/images/t12.png,0,9553,2019-02-01,mcc_kids_pref_2,MM,keep,M,2015-05-02,3.756164383561644,TRUE
190201_10_pref2,3,preference,3,true,Sheep,Frog,t7,t10,left,http://langcog.stanford.edu/expts/mcc/experiments/kids_preference/images/t10.png,0,8126,2019-02-01,mcc_kids_pref_2,MM,keep,M,2015-05-02,3.756164383561644,TRUE
190201_10_pref2,3,preference,4,false,Bear,Pig,t15,t4,left,http://langcog.stanford.edu/expts/mcc/experiments/kids_preference/images/t4.png,0,8206,2019-02-01,mcc_kids_pref_2,MM,keep,M,2015-05-02,3.756164383561644,TRUE
190201_10_pref2,3,preference,5,true,Tiger,Pig,t5,t8,right,http://langcog.stanford.edu/expts/mcc/experiments/kids_preference/images/t5.png,0,8304,2019-02-01,mcc_kids_pref_2,MM,keep,M,2015-05-02,3.756164383561644,TRUE
190201_10_pref2,3,preference,6,false,Dog,Bunny,t1,t17,right,http://langcog.stanford.edu/expts/mcc/experiments/kids_preference/images/t1.png,0,10340,2019-02-01,mcc_kids_pref_2,MM,keep,M,2015-05-02,3.756164383561644,TRUE
190201_10_pref2,3,preference,7,true,Cat,Bunny,t6,t9,right,http://langcog.stanford.edu/expts/mcc/experiments/kids_preference/images/t6.png,0,8543,2019-02-01,mcc_kids_pref_2,MM,keep,M,2015-05-02,3.756164383561644,TRUE
190201_10_pref2,3,preference,8,false,Monkey,NA,t14,t11,left,http://langcog.stanford.edu/expts/mcc/experiments/kids_preference/images/t11.png,0,9148,2019-02-01,mcc_kids_pref_2,MM,keep,M,2015-05-02,3.756164383561644,TRUE
190207_1_pref2,3,preference,train,false,Elephant,Elephant,car,bear,left,http://langcog.stanford.edu/expts/mcc/experiments/kids_preference/images/car.png,1,9405,2019-02-07,mcc_kids_pref_2,MM,keep,M,2015-06-15,3.652054794520548,TRUE
190207_1_pref2,3,preference,train,false,Pig,Elephant,duck,ball,right,http://langcog.stanford.edu/expts/mcc/experiments/kids_preference/images/ball.png,1,9475,2019-02-07,mcc_kids_pref_2,MM,keep,M,2015-06-15,3.652054794520548,TRUE
190207_1_pref2,3,preference,1,false,Cat,Elephant,t11,t10,right,http://langcog.stanford.edu/expts/mcc/experiments/kids_preference/images/t10.png,1,15759,2019-02-07,mcc_kids_pref_2,MM,keep,M,2015-06-15,3.652054794520548,TRUE
190207_1_pref2,3,preference,2,true,Frog,Elephant,t5,t3,right,http://langcog.stanford.edu/expts/mcc/experiments/kids_preference/images/t3.png,1,8613,2019-02-07,mcc_kids_pref_2,MM,keep,M,2015-06-15,3.652054794520548,TRUE
190207_1_pref2,3,preference,3,true,Monkey,Bunny,t8,t1,left,http://langcog.stanford.edu/expts/mcc/experiments/kids_preference/images/t8.png,1,9808,2019-02-07,mcc_kids_pref_2,MM,keep,M,2015-06-15,3.652054794520548,TRUE
190207_1_pref2,3,preference,4,false,Sheep,Bear,t15,t7,right,http://langcog.stanford.edu/expts/mcc/experiments/kids_preference/images/t7.png,1,11689,2019-02-07,mcc_kids_pref_2,MM,keep,M,2015-06-15,3.652054794520548,TRUE
190207_1_pref2,3,preference,5,false,Tiger,Bear,t12,t4,left,http://langcog.stanford.edu/expts/mcc/experiments/kids_preference/images/t12.png,1,10877,2019-02-07,mcc_kids_pref_2,MM,keep,M,2015-06-15,3.652054794520548,TRUE
190207_1_pref2,3,preference,6,true,Mouse,Bear,t17,t9,left,http://langcog.stanford.edu/expts/mcc/experiments/kids_preference/images/t9.png,0,9548,2019-02-07,mcc_kids_pref_2,MM,keep,M,2015-06-15,3.652054794520548,TRUE
190207_1_pref2,3,preference,7,false,Beaver,Dog,t14,t6,left,http://langcog.stanford.edu/expts/mcc/experiments/kids_preference/images/t6.png,0,9758,2019-02-07,mcc_kids_pref_2,MM,keep,M,2015-06-15,3.652054794520548,TRUE
190207_1_pref2,3,preference,8,true,Pig,Dog,t16,t2,right,http://langcog.stanford.edu/expts/mcc/experiments/kids_preference/images/t16.png,0,9774,2019-02-07,mcc_kids_pref_2,MM,keep,M,2015-06-15,3.652054794520548,TRUE
190207_2_pref2,3,preference,train,false,Elephant,Beaver,car,bear,left,http://langcog.stanford.edu/expts/mcc/experiments/kids_preference/images/car.png,1,11009,2019-02-07,mcc_kids_pref_2,MM,keep,M,2015-07-29,3.5315068493150683,TRUE
190207_2_pref2,3,preference,train,false,Pig,Beaver,duck,ball,right,http://langcog.stanford.edu/expts/mcc/experiments/kids_preference/images/ball.png,1,8868,2019-02-07,mcc_kids_pref_2,MM,keep,M,2015-07-29,3.5315068493150683,TRUE
190207_2_pref2,3,preference,1,true,Pig,Beaver,t6,t17,right,http://langcog.stanford.edu/expts/mcc/experiments/kids_preference/images/t6.png,0,11606,2019-02-07,mcc_kids_pref_2,MM,keep,M,2015-07-29,3.5315068493150683,TRUE
190207_2_pref2,3,preference,2,false,Elephant,Tiger,t3,t16,left,http://langcog.stanford.edu/expts/mcc/experiments/kids_preference/images/t3.png,1,10705,2019-02-07,mcc_kids_pref_2,MM,keep,M,2015-07-29,3.5315068493150683,TRUE
190207_2_pref2,3,preference,3,false,Bear,Tiger,t1,t12,right,http://langcog.stanford.edu/expts/mcc/experiments/kids_preference/images/t1.png,0,8444,2019-02-07,mcc_kids_pref_2,MM,keep,M,2015-07-29,3.5315068493150683,TRUE
190207_2_pref2,3,preference,4,true,Dog,Tiger,t7,t2,right,http://langcog.stanford.edu/expts/mcc/experiments/kids_preference/images/t7.png,0,10953,2019-02-07,mcc_kids_pref_2,MM,keep,M,2015-07-29,3.5315068493150683,TRUE
190207_2_pref2,3,preference,5,true,Cat,Sheep,t5,t8,right,http://langcog.stanford.edu/expts/mcc/experiments/kids_preference/images/t5.png,0,11446,2019-02-07,mcc_kids_pref_2,MM,keep,M,2015-07-29,3.5315068493150683,TRUE
190207_2_pref2,3,preference,6,false,Mouse,Bunny,t15,t11,left,http://langcog.stanford.edu/expts/mcc/experiments/kids_preference/images/t15.png,1,10306,2019-02-07,mcc_kids_pref_2,MM,keep,M,2015-07-29,3.5315068493150683,TRUE
190207_2_pref2,3,preference,7,true,Frog,Bunny,t4,t9,left,http://langcog.stanford.edu/expts/mcc/experiments/kids_preference/images/t4.png,1,9455,2019-02-07,mcc_kids_pref_2,MM,keep,M,2015-07-29,3.5315068493150683,TRUE
190207_2_pref2,3,preference,8,false,Monkey,NA,t14,t10,left,http://langcog.stanford.edu/expts/mcc/experiments/kids_preference/images/t14.png,1,8824,2019-02-07,mcc_kids_pref_2,MM,keep,M,2015-07-29,3.5315068493150683,TRUE
190207_3_pref2,3,preference,train,false,Elephant,Pig,car,bear,left,http://langcog.stanford.edu/expts/mcc/experiments/kids_preference/images/car.png,1,12523,2019-02-07,mcc_kids_pref_2,MM,keep,F,2016-01-20,3.052054794520548,TRUE
190207_3_pref2,3,preference,train,false,Pig,Pig,duck,ball,right,http://langcog.stanford.edu/expts/mcc/experiments/kids_preference/images/ball.png,1,9387,2019-02-07,mcc_kids_pref_2,MM,keep,F,2016-01-20,3.052054794520548,TRUE
190207_3_pref2,3,preference,1,true,Beaver,Pig,t3,t8,left,http://langcog.stanford.edu/expts/mcc/experiments/kids_preference/images/t8.png,0,16163,2019-02-07,mcc_kids_pref_2,MM,keep,F,2016-01-20,3.052054794520548,TRUE
190207_3_pref2,3,preference,2,false,Bear,Sheep,t15,t7,left,http://langcog.stanford.edu/expts/mcc/experiments/kids_preference/images/t7.png,0,15008,2019-02-07,mcc_kids_pref_2,MM,keep,F,2016-01-20,3.052054794520548,TRUE
190207_3_pref2,3,preference,3,true,Tiger,Sheep,t14,t10,left,http://langcog.stanford.edu/expts/mcc/experiments/kids_preference/images/t10.png,0,16060,2019-02-07,mcc_kids_pref_2,MM,keep,F,2016-01-20,3.052054794520548,TRUE
190207_3_pref2,3,preference,4,false,Dog,Frog,t4,t2,right,http://langcog.stanford.edu/expts/mcc/experiments/kids_preference/images/t2.png,1,16058,2019-02-07,mcc_kids_pref_2,MM,keep,F,2016-01-20,3.052054794520548,TRUE
190207_3_pref2,3,preference,5,false,Cat,Frog,t5,t12,right,http://langcog.stanford.edu/expts/mcc/experiments/kids_preference/images/t12.png,1,17254,2019-02-07,mcc_kids_pref_2,MM,keep,F,2016-01-20,3.052054794520548,TRUE
190207_3_pref2,3,preference,6,true,Bunny,Frog,t9,t17,right,http://langcog.stanford.edu/expts/mcc/experiments/kids_preference/images/t17.png,1,14312,2019-02-07,mcc_kids_pref_2,MM,keep,F,2016-01-20,3.052054794520548,TRUE
190207_3_pref2,3,preference,7,true,Monkey,Mouse,t6,t11,left,http://langcog.stanford.edu/expts/mcc/experiments/kids_preference/images/t6.png,1,24042,2019-02-07,mcc_kids_pref_2,MM,keep,F,2016-01-20,3.052054794520548,TRUE
190207_3_pref2,3,preference,8,false,Elephant,NA,t16,t1,right,http://langcog.stanford.edu/expts/mcc/experiments/kids_preference/images/t16.png,0,9339,2019-02-07,mcc_kids_pref_2,MM,keep,F,2016-01-20,3.052054794520548,TRUE
190207_5_pref2,3,preference,train,false,Elephant,Pig,car,bear,left,http://langcog.stanford.edu/expts/mcc/experiments/kids_preference/images/car.png,1,17564,2019-02-07,mcc_kids_pref_2,MM,keep,F,2015-12-15,3.1506849315068495,TRUE
190207_5_pref2,3,preference,train,false,Pig,Pig,duck,ball,right,http://langcog.stanford.edu/expts/mcc/experiments/kids_preference/images/ball.png,1,12306,2019-02-07,mcc_kids_pref_2,MM,keep,F,2015-12-15,3.1506849315068495,TRUE
190207_5_pref2,3,preference,1,true,Sheep,Pig,t8,t5,left,http://langcog.stanford.edu/expts/mcc/experiments/kids_preference/images/t5.png,0,27784,2019-02-07,mcc_kids_pref_2,MM,keep,F,2015-12-15,3.1506849315068495,TRUE
190207_5_pref2,3,preference,2,false,Dog,Frog,t4,t1,left,http://langcog.stanford.edu/expts/mcc/experiments/kids_preference/images/t1.png,0,14614,2019-02-07,mcc_kids_pref_2,MM,keep,F,2015-12-15,3.1506849315068495,TRUE
190207_5_pref2,3,preference,3,true,Bear,Frog,t7,t16,right,http://langcog.stanford.edu/expts/mcc/experiments/kids_preference/images/t16.png,1,19132,2019-02-07,mcc_kids_pref_2,MM,keep,F,2015-12-15,3.1506849315068495,TRUE
190207_5_pref2,3,preference,4,false,Bunny,Tiger,t17,t14,right,http://langcog.stanford.edu/expts/mcc/experiments/kids_preference/images/t14.png,1,17116,2019-02-07,mcc_kids_pref_2,MM,keep,F,2015-12-15,3.1506849315068495,TRUE
190207_5_pref2,3,preference,5,false,Mouse,Tiger,t11,t10,right,http://langcog.stanford.edu/expts/mcc/experiments/kids_preference/images/t10.png,1,12675,2019-02-07,mcc_kids_pref_2,MM,keep,F,2015-12-15,3.1506849315068495,TRUE
190207_5_pref2,3,preference,6,true,Elephant,Tiger,t9,t6,left,http://langcog.stanford.edu/expts/mcc/experiments/kids_preference/images/t6.png,0,28509,2019-02-07,mcc_kids_pref_2,MM,keep,F,2015-12-15,3.1506849315068495,TRUE
190207_5_pref2,3,preference,7,true,Monkey,Cat,t15,t3,left,http://langcog.stanford.edu/expts/mcc/experiments/kids_preference/images/t3.png,0,16657,2019-02-07,mcc_kids_pref_2,MM,keep,F,2015-12-15,3.1506849315068495,TRUE
190207_5_pref2,3,preference,8,false,Beaver,NA,t12,t2,right,http://langcog.stanford.edu/expts/mcc/experiments/kids_preference/images/t2.png,1,76278,2019-02-07,mcc_kids_pref_2,MM,keep,F,2015-12-15,3.1506849315068495,TRUE
190207_6_pref2,3,preference,train,false,Elephant,Elephant,car,bear,left,http://langcog.stanford.edu/expts/mcc/experiments/kids_preference/images/car.png,1,8263,2019-02-07,mcc_kids_pref_2,MM,keep,F,2015-04-16,3.8164383561643835,TRUE
190207_6_pref2,3,preference,train,false,Pig,Elephant,duck,ball,right,http://langcog.stanford.edu/expts/mcc/experiments/kids_preference/images/ball.png,1,8369,2019-02-07,mcc_kids_pref_2,MM,keep,F,2015-04-16,3.8164383561643835,TRUE
190207_6_pref2,3,preference,1,true,Cat,Elephant,t9,t8,left,http://langcog.stanford.edu/expts/mcc/experiments/kids_preference/images/t9.png,1,15271,2019-02-07,mcc_kids_pref_2,MM,keep,F,2015-04-16,3.8164383561643835,TRUE
190207_6_pref2,3,preference,2,false,Pig,Sheep,t6,t2,left,http://langcog.stanford.edu/expts/mcc/experiments/kids_preference/images/t2.png,0,12159,2019-02-07,mcc_kids_pref_2,MM,keep,F,2015-04-16,3.8164383561643835,TRUE
190207_6_pref2,3,preference,3,false,Tiger,Sheep,t15,t12,left,http://langcog.stanford.edu/expts/mcc/experiments/kids_preference/images/t12.png,0,10540,2019-02-07,mcc_kids_pref_2,MM,keep,F,2015-04-16,3.8164383561643835,TRUE
190207_6_pref2,3,preference,4,true,Monkey,Sheep,t11,t16,right,http://langcog.stanford.edu/expts/mcc/experiments/kids_preference/images/t16.png,1,9533,2019-02-07,mcc_kids_pref_2,MM,keep,F,2015-04-16,3.8164383561643835,TRUE
190207_6_pref2,3,preference,5,true,Bunny,Bear,t14,t7,right,http://langcog.stanford.edu/expts/mcc/experiments/kids_preference/images/t14.png,0,10308,2019-02-07,mcc_kids_pref_2,MM,keep,F,2015-04-16,3.8164383561643835,TRUE
190207_6_pref2,3,preference,6,false,Mouse,Frog,t10,t3,right,http://langcog.stanford.edu/expts/mcc/experiments/kids_preference/images/t3.png,1,12590,2019-02-07,mcc_kids_pref_2,MM,keep,F,2015-04-16,3.8164383561643835,TRUE
190207_6_pref2,3,preference,7,false,Dog,Frog,t1,t17,left,http://langcog.stanford.edu/expts/mcc/experiments/kids_preference/images/t1.png,1,8092,2019-02-07,mcc_kids_pref_2,MM,keep,F,2015-04-16,3.8164383561643835,TRUE
190207_6_pref2,3,preference,8,true,Beaver,Frog,t4,t5,right,http://langcog.stanford.edu/expts/mcc/experiments/kids_preference/images/t4.png,0,12712,2019-02-07,mcc_kids_pref_2,MM,keep,F,2015-04-16,3.8164383561643835,TRUE
190207_7_pref2,4,preference,train,false,Elephant,Elephant,car,bear,left,http://langcog.stanford.edu/expts/mcc/experiments/kids_preference/images/car.png,1,11059,2019-02-07,mcc_kids_pref_2,MM,keep,M,2014-04-19,4.808219178082192,TRUE
190207_7_pref2,4,preference,train,false,Pig,Elephant,duck,ball,right,http://langcog.stanford.edu/expts/mcc/experiments/kids_preference/images/ball.png,1,8073,2019-02-07,mcc_kids_pref_2,MM,keep,M,2014-04-19,4.808219178082192,TRUE
190207_7_pref2,4,preference,1,true,Sheep,Elephant,t6,t1,left,http://langcog.stanford.edu/expts/mcc/experiments/kids_preference/images/t1.png,0,19973,2019-02-07,mcc_kids_pref_2,MM,keep,M,2014-04-19,4.808219178082192,TRUE
190207_7_pref2,4,preference,2,false,Mouse,Frog,t12,t2,left,http://langcog.stanford.edu/expts/mcc/experiments/kids_preference/images/t2.png,0,10065,2019-02-07,mcc_kids_pref_2,MM,keep,M,2014-04-19,4.808219178082192,TRUE
190207_7_pref2,4,preference,3,false,Bunny,Frog,t5,t9,left,http://langcog.stanford.edu/expts/mcc/experiments/kids_preference/images/t9.png,0,14131,2019-02-07,mcc_kids_pref_2,MM,keep,M,2014-04-19,4.808219178082192,TRUE
190207_7_pref2,4,preference,4,true,Beaver,Frog,t8,t14,right,http://langcog.stanford.edu/expts/mcc/experiments/kids_preference/images/t8.png,0,13937,2019-02-07,mcc_kids_pref_2,MM,keep,M,2014-04-19,4.808219178082192,TRUE
190207_7_pref2,4,preference,5,true,Monkey,Tiger,t17,t4,left,http://langcog.stanford.edu/expts/mcc/experiments/kids_preference/images/t4.png,0,16289,2019-02-07,mcc_kids_pref_2,MM,keep,M,2014-04-19,4.808219178082192,TRUE
190207_7_pref2,4,preference,6,false,Dog,Pig,t10,t15,right,http://langcog.stanford.edu/expts/mcc/experiments/kids_preference/images/t10.png,0,14759,2019-02-07,mcc_kids_pref_2,MM,keep,M,2014-04-19,4.808219178082192,TRUE
190207_7_pref2,4,preference,7,false,Cat,Pig,t16,t11,right,http://langcog.stanford.edu/expts/mcc/experiments/kids_preference/images/t16.png,0,9227,2019-02-07,mcc_kids_pref_2,MM,keep,M,2014-04-19,4.808219178082192,TRUE
190207_7_pref2,4,preference,8,true,Bear,Pig,t7,t3,right,http://langcog.stanford.edu/expts/mcc/experiments/kids_preference/images/t7.png,0,11861,2019-02-07,mcc_kids_pref_2,MM,keep,M,2014-04-19,4.808219178082192,TRUE
190207_8_pref2,3,preference,train,false,Elephant,Frog,car,bear,left,http://langcog.stanford.edu/expts/mcc/experiments/kids_preference/images/car.png,1,12758,2019-02-07,mcc_kids_pref_2,MM,keep,M,2015-12-14,3.1534246575342464,TRUE
190207_8_pref2,3,preference,train,false,Pig,Frog,duck,ball,right,http://langcog.stanford.edu/expts/mcc/experiments/kids_preference/images/ball.png,1,12964,2019-02-07,mcc_kids_pref_2,MM,keep,M,2015-12-14,3.1534246575342464,TRUE
190207_8_pref2,3,preference,1,false,Cat,Frog,t5,t6,left,http://langcog.stanford.edu/expts/mcc/experiments/kids_preference/images/t5.png,1,8494,2019-02-07,mcc_kids_pref_2,MM,keep,M,2015-12-14,3.1534246575342464,TRUE
190207_8_pref2,3,preference,2,true,Pig,Frog,t2,t4,right,http://langcog.stanford.edu/expts/mcc/experiments/kids_preference/images/t4.png,1,17150,2019-02-07,mcc_kids_pref_2,MM,keep,M,2015-12-14,3.1534246575342464,TRUE
190207_8_pref2,3,preference,3,false,Sheep,Elephant,t10,t16,left,http://langcog.stanford.edu/expts/mcc/experiments/kids_preference/images/t10.png,1,10723,2019-02-07,mcc_kids_pref_2,MM,keep,M,2015-12-14,3.1534246575342464,TRUE
190207_8_pref2,3,preference,4,true,Tiger,Elephant,t7,t17,right,http://langcog.stanford.edu/expts/mcc/experiments/kids_preference/images/t17.png,1,14139,2019-02-07,mcc_kids_pref_2,MM,keep,M,2015-12-14,3.1534246575342464,TRUE
190207_8_pref2,3,preference,5,true,Beaver,Bunny,t8,t15,right,http://langcog.stanford.edu/expts/mcc/experiments/kids_preference/images/t15.png,1,14300,2019-02-07,mcc_kids_pref_2,MM,keep,M,2015-12-14,3.1534246575342464,TRUE
190207_8_pref2,3,preference,6,false,Monkey,Dog,t9,t3,right,http://langcog.stanford.edu/expts/mcc/experiments/kids_preference/images/t3.png,1,14397,2019-02-07,mcc_kids_pref_2,MM,keep,M,2015-12-14,3.1534246575342464,TRUE
190207_8_pref2,3,preference,7,false,Mouse,Dog,t1,t14,left,http://langcog.stanford.edu/expts/mcc/experiments/kids_preference/images/t1.png,1,12341,2019-02-07,mcc_kids_pref_2,MM,keep,M,2015-12-14,3.1534246575342464,TRUE
190207_8_pref2,3,preference,8,true,Bear,Dog,t11,t12,left,http://langcog.stanford.edu/expts/mcc/experiments/kids_preference/images/t11.png,1,14683,2019-02-07,mcc_kids_pref_2,MM,keep,M,2015-12-14,3.1534246575342464,TRUE
190207_9_pref2,3,preference,train,false,Elephant,Frog,car,bear,left,http://langcog.stanford.edu/expts/mcc/experiments/kids_preference/images/car.png,1,13742,2019-02-07,mcc_kids_pref_2,MM,keep,F,2015-08-11,3.495890410958904,TRUE
190207_9_pref2,3,preference,train,false,Pig,Frog,duck,ball,right,http://langcog.stanford.edu/expts/mcc/experiments/kids_preference/images/ball.png,1,11371,2019-02-07,mcc_kids_pref_2,MM,keep,F,2015-08-11,3.495890410958904,TRUE
190207_9_pref2,3,preference,1,true,Bunny,Frog,t11,t17,right,http://langcog.stanford.edu/expts/mcc/experiments/kids_preference/images/t11.png,0,17806,2019-02-07,mcc_kids_pref_2,MM,keep,F,2015-08-11,3.495890410958904,TRUE
190207_9_pref2,3,preference,2,false,Cat,Dog,t14,t4,left,http://langcog.stanford.edu/expts/mcc/experiments/kids_preference/images/t4.png,0,14573,2019-02-07,mcc_kids_pref_2,MM,keep,F,2015-08-11,3.495890410958904,TRUE
190207_9_pref2,3,preference,3,true,Elephant,Dog,t10,t8,left,http://langcog.stanford.edu/expts/mcc/experiments/kids_preference/images/t8.png,0,15206,2019-02-07,mcc_kids_pref_2,MM,keep,F,2015-08-11,3.495890410958904,TRUE
190207_9_pref2,3,preference,4,false,Monkey,Bear,t9,t7,left,http://langcog.stanford.edu/expts/mcc/experiments/kids_preference/images/t7.png,0,14423,2019-02-07,mcc_kids_pref_2,MM,keep,F,2015-08-11,3.495890410958904,TRUE
190207_9_pref2,3,preference,5,true,Tiger,Bear,t12,t2,right,http://langcog.stanford.edu/expts/mcc/experiments/kids_preference/images/t2.png,1,14522,2019-02-07,mcc_kids_pref_2,MM,keep,F,2015-08-11,3.495890410958904,TRUE
190207_9_pref2,3,preference,6,false,Mouse,Pig,t15,t1,right,http://langcog.stanford.edu/expts/mcc/experiments/kids_preference/images/t15.png,0,13758,2019-02-07,mcc_kids_pref_2,MM,keep,F,2015-08-11,3.495890410958904,TRUE
190207_9_pref2,3,preference,7,true,Sheep,Pig,t6,t16,right,http://langcog.stanford.edu/expts/mcc/experiments/kids_preference/images/t6.png,0,14905,2019-02-07,mcc_kids_pref_2,MM,keep,F,2015-08-11,3.495890410958904,TRUE
190207_9_pref2,3,preference,8,false,Beaver,NA,t3,t5,left,http://langcog.stanford.edu/expts/mcc/experiments/kids_preference/images/t5.png,0,11634,2019-02-07,mcc_kids_pref_2,MM,keep,F,2015-08-11,3.495890410958904,TRUE
190207_10_pref2,4,preference,train,false,Elephant,Beaver,car,bear,left,http://langcog.stanford.edu/expts/mcc/experiments/kids_preference/images/car.png,1,12198,2019-02-07,mcc_kids_pref_2,MM,keep,M,2015-02-28,3.9452054794520546,FALSE
190207_10_pref2,4,preference,train,false,Pig,Beaver,duck,ball,right,http://langcog.stanford.edu/expts/mcc/experiments/kids_preference/images/ball.png,1,8091,2019-02-07,mcc_kids_pref_2,MM,keep,M,2015-02-28,3.9452054794520546,FALSE
190207_10_pref2,4,preference,1,false,Cat,Beaver,t9,t6,right,http://langcog.stanford.edu/expts/mcc/experiments/kids_preference/images/t6.png,1,12340,2019-02-07,mcc_kids_pref_2,MM,keep,M,2015-02-28,3.9452054794520546,FALSE
190207_10_pref2,4,preference,2,true,Pig,Beaver,t15,t14,left,http://langcog.stanford.edu/expts/mcc/experiments/kids_preference/images/t14.png,0,10791,2019-02-07,mcc_kids_pref_2,MM,keep,M,2015-02-28,3.9452054794520546,FALSE
190207_10_pref2,4,preference,3,false,Bunny,Dog,t16,t5,right,http://langcog.stanford.edu/expts/mcc/experiments/kids_preference/images/t16.png,0,12294,2019-02-07,mcc_kids_pref_2,MM,keep,M,2015-02-28,3.9452054794520546,FALSE
190207_10_pref2,4,preference,4,true,Tiger,Dog,t10,t17,left,http://langcog.stanford.edu/expts/mcc/experiments/kids_preference/images/t17.png,0,9992,2019-02-07,mcc_kids_pref_2,MM,keep,M,2015-02-28,3.9452054794520546,FALSE
190207_10_pref2,4,preference,5,true,Elephant,Mouse,t1,t11,right,http://langcog.stanford.edu/expts/mcc/experiments/kids_preference/images/t1.png,0,12157,2019-02-07,mcc_kids_pref_2,MM,keep,M,2015-02-28,3.9452054794520546,FALSE
190207_10_pref2,4,preference,6,false,Frog,Monkey,t3,t8,left,http://langcog.stanford.edu/expts/mcc/experiments/kids_preference/images/t3.png,1,9272,2019-02-07,mcc_kids_pref_2,MM,keep,M,2015-02-28,3.9452054794520546,FALSE
190207_10_pref2,4,preference,7,true,Sheep,Monkey,t12,t2,left,http://langcog.stanford.edu/expts/mcc/experiments/kids_preference/images/t12.png,1,12070,2019-02-07,mcc_kids_pref_2,MM,keep,M,2015-02-28,3.9452054794520546,FALSE
190207_10_pref2,4,preference,8,false,Bear,NA,t4,t7,right,http://langcog.stanford.edu/expts/mcc/experiments/kids_preference/images/t7.png,1,9710,2019-02-07,mcc_kids_pref_2,MM,keep,M,2015-02-28,3.9452054794520546,FALSE
190207_11_pref2,3,preference,train,false,Elephant,Pig,car,bear,left,http://langcog.stanford.edu/expts/mcc/experiments/kids_preference/images/car.png,1,9563,2019-02-07,mcc_kids_pref_2,MM,keep,M,2015-05-10,3.750684931506849,TRUE
190207_11_pref2,3,preference,train,false,Pig,Pig,duck,ball,right,http://langcog.stanford.edu/expts/mcc/experiments/kids_preference/images/ball.png,1,10538,2019-02-07,mcc_kids_pref_2,MM,keep,M,2015-05-10,3.750684931506849,TRUE
190207_11_pref2,3,preference,1,true,Tiger,Pig,t8,t16,right,http://langcog.stanford.edu/expts/mcc/experiments/kids_preference/images/t16.png,1,14630,2019-02-07,mcc_kids_pref_2,MM,keep,M,2015-05-10,3.750684931506849,TRUE
190207_11_pref2,3,preference,2,false,Sheep,Bear,t12,t1,right,http://langcog.stanford.edu/expts/mcc/experiments/kids_preference/images/t12.png,0,19241,2019-02-07,mcc_kids_pref_2,MM,keep,M,2015-05-10,3.750684931506849,TRUE
190207_11_pref2,3,preference,3,false,Monkey,Bear,t17,t15,right,http://langcog.stanford.edu/expts/mcc/experiments/kids_preference/images/t17.png,0,13900,2019-02-07,mcc_kids_pref_2,MM,keep,M,2015-05-10,3.750684931506849,TRUE
190207_11_pref2,3,preference,4,true,Cat,Bear,t4,t9,left,http://langcog.stanford.edu/expts/mcc/experiments/kids_preference/images/t9.png,0,12847,2019-02-07,mcc_kids_pref_2,MM,keep,M,2015-05-10,3.750684931506849,TRUE
190207_11_pref2,3,preference,5,false,Bunny,Beaver,t10,t14,right,http://langcog.stanford.edu/expts/mcc/experiments/kids_preference/images/t14.png,1,11908,2019-02-07,mcc_kids_pref_2,MM,keep,M,2015-05-10,3.750684931506849,TRUE
190207_11_pref2,3,preference,6,true,Dog,Beaver,t3,t11,left,http://langcog.stanford.edu/expts/mcc/experiments/kids_preference/images/t11.png,0,13558,2019-02-07,mcc_kids_pref_2,MM,keep,M,2015-05-10,3.750684931506849,TRUE
190207_11_pref2,3,preference,7,true,Elephant,Mouse,t5,t2,left,http://langcog.stanford.edu/expts/mcc/experiments/kids_preference/images/t2.png,0,9903,2019-02-07,mcc_kids_pref_2,MM,keep,M,2015-05-10,3.750684931506849,TRUE
190207_11_pref2,3,preference,8,false,Frog,NA,t6,t7,left,http://langcog.stanford.edu/expts/mcc/experiments/kids_preference/images/t7.png,0,8571,2019-02-07,mcc_kids_pref_2,MM,keep,M,2015-05-10,3.750684931506849,TRUE
190207_12_pref2,3,preference,train,false,Elephant,Elephant,car,bear,left,http://langcog.stanford.edu/expts/mcc/experiments/kids_preference/images/car.png,1,10551,2019-02-07,mcc_kids_pref_2,MM,keep,M,2015-10-31,3.2739726027397262,TRUE
190207_12_pref2,3,preference,train,false,Pig,Elephant,duck,ball,right,http://langcog.stanford.edu/expts/mcc/experiments/kids_preference/images/ball.png,1,8042,2019-02-07,mcc_kids_pref_2,MM,keep,M,2015-10-31,3.2739726027397262,TRUE
190207_12_pref2,3,preference,1,false,Sheep,Elephant,t9,t11,right,http://langcog.stanford.edu/expts/mcc/experiments/kids_preference/images/t11.png,1,11969,2019-02-07,mcc_kids_pref_2,MM,keep,M,2015-10-31,3.2739726027397262,TRUE
190207_12_pref2,3,preference,2,true,Beaver,Elephant,t6,t1,left,http://langcog.stanford.edu/expts/mcc/experiments/kids_preference/images/t1.png,0,9076,2019-02-07,mcc_kids_pref_2,MM,keep,M,2015-10-31,3.2739726027397262,TRUE
190207_12_pref2,3,preference,3,true,Tiger,Monkey,t5,t15,left,http://langcog.stanford.edu/expts/mcc/experiments/kids_preference/images/t5.png,1,8390,2019-02-07,mcc_kids_pref_2,MM,keep,M,2015-10-31,3.2739726027397262,TRUE
190207_12_pref2,3,preference,4,false,Cat,Bunny,t16,t4,right,http://langcog.stanford.edu/expts/mcc/experiments/kids_preference/images/t4.png,1,9602,2019-02-07,mcc_kids_pref_2,MM,keep,M,2015-10-31,3.2739726027397262,TRUE
190207_12_pref2,3,preference,5,true,Pig,Bunny,t2,t17,left,http://langcog.stanford.edu/expts/mcc/experiments/kids_preference/images/t17.png,0,8372,2019-02-07,mcc_kids_pref_2,MM,keep,M,2015-10-31,3.2739726027397262,TRUE
190207_12_pref2,3,preference,6,false,Mouse,Bear,t12,t8,right,http://langcog.stanford.edu/expts/mcc/experiments/kids_preference/images/t12.png,0,14274,2019-02-07,mcc_kids_pref_2,MM,keep,M,2015-10-31,3.2739726027397262,TRUE
190207_12_pref2,3,preference,7,false,Dog,Bear,t3,t7,right,http://langcog.stanford.edu/expts/mcc/experiments/kids_preference/images/t7.png,1,9028,2019-02-07,mcc_kids_pref_2,MM,keep,M,2015-10-31,3.2739726027397262,TRUE
190207_12_pref2,3,preference,8,true,Frog,Bear,t14,t10,left,http://langcog.stanford.edu/expts/mcc/experiments/kids_preference/images/t10.png,0,8071,2019-02-07,mcc_kids_pref_2,MM,keep,M,2015-10-31,3.2739726027397262,TRUE
190208_1_pref2,3,preference,train,false,Elephant,Pig,car,bear,left,http://langcog.stanford.edu/expts/mcc/experiments/kids_preference/images/car.png,1,9162,2019-02-08,mcc_kids_pref_2,MM,keep,F,2015-07-19,3.5616438356164384,TRUE
190208_1_pref2,3,preference,train,false,Pig,Pig,duck,ball,right,http://langcog.stanford.edu/expts/mcc/experiments/kids_preference/images/ball.png,1,11030,2019-02-08,mcc_kids_pref_2,MM,keep,F,2015-07-19,3.5616438356164384,TRUE
190208_1_pref2,3,preference,1,true,Bunny,Pig,t9,t14,left,http://langcog.stanford.edu/expts/mcc/experiments/kids_preference/images/t14.png,0,15190,2019-02-08,mcc_kids_pref_2,MM,keep,F,2015-07-19,3.5616438356164384,TRUE
190208_1_pref2,3,preference,2,false,Cat,Frog,t3,t15,right,http://langcog.stanford.edu/expts/mcc/experiments/kids_preference/images/t3.png,0,15222,2019-02-08,mcc_kids_pref_2,MM,keep,F,2015-07-19,3.5616438356164384,TRUE
190208_1_pref2,3,preference,3,false,Beaver,Frog,t17,t5,right,http://langcog.stanford.edu/expts/mcc/experiments/kids_preference/images/t5.png,1,13406,2019-02-08,mcc_kids_pref_2,MM,keep,F,2015-07-19,3.5616438356164384,TRUE
190208_1_pref2,3,preference,4,true,Tiger,Frog,t16,t2,left,http://langcog.stanford.edu/expts/mcc/experiments/kids_preference/images/t2.png,0,14555,2019-02-08,mcc_kids_pref_2,MM,keep,F,2015-07-19,3.5616438356164384,TRUE
190208_1_pref2,3,preference,5,true,Monkey,Dog,t1,t6,right,http://langcog.stanford.edu/expts/mcc/experiments/kids_preference/images/t6.png,1,19239,2019-02-08,mcc_kids_pref_2,MM,keep,F,2015-07-19,3.5616438356164384,TRUE
190208_1_pref2,3,preference,6,false,Bear,Elephant,t4,t7,left,http://langcog.stanford.edu/expts/mcc/experiments/kids_preference/images/t4.png,1,21594,2019-02-08,mcc_kids_pref_2,MM,keep,F,2015-07-19,3.5616438356164384,TRUE
190208_1_pref2,3,preference,7,false,Mouse,Elephant,t12,t8,right,http://langcog.stanford.edu/expts/mcc/experiments/kids_preference/images/t8.png,1,12907,2019-02-08,mcc_kids_pref_2,MM,keep,F,2015-07-19,3.5616438356164384,TRUE
190208_1_pref2,3,preference,8,true,Sheep,Elephant,t10,t11,left,http://langcog.stanford.edu/expts/mcc/experiments/kids_preference/images/t11.png,0,20933,2019-02-08,mcc_kids_pref_2,MM,keep,F,2015-07-19,3.5616438356164384,TRUE
190208_2_pref2,4,preference,train,false,Elephant,Tiger,car,bear,left,http://langcog.stanford.edu/expts/mcc/experiments/kids_preference/images/car.png,1,8651,2019-02-08,mcc_kids_pref_2,MM,keep,F,2014-09-10,4.416438356164384,TRUE
190208_2_pref2,4,preference,train,false,Pig,Tiger,duck,ball,right,http://langcog.stanford.edu/expts/mcc/experiments/kids_preference/images/ball.png,1,8190,2019-02-08,mcc_kids_pref_2,MM,keep,F,2014-09-10,4.416438356164384,TRUE
190208_2_pref2,4,preference,1,true,Pig,Tiger,t4,t2,right,http://langcog.stanford.edu/expts/mcc/experiments/kids_preference/images/t4.png,0,16917,2019-02-08,mcc_kids_pref_2,MM,keep,F,2014-09-10,4.416438356164384,TRUE
190208_2_pref2,4,preference,2,false,Sheep,Cat,t11,t12,right,http://langcog.stanford.edu/expts/mcc/experiments/kids_preference/images/t12.png,1,8859,2019-02-08,mcc_kids_pref_2,MM,keep,F,2014-09-10,4.416438356164384,TRUE
190208_2_pref2,4,preference,3,false,Mouse,Cat,t14,t15,left,http://langcog.stanford.edu/expts/mcc/experiments/kids_preference/images/t14.png,1,9223,2019-02-08,mcc_kids_pref_2,MM,keep,F,2014-09-10,4.416438356164384,TRUE
190208_2_pref2,4,preference,4,true,Elephant,Cat,t17,t8,left,http://langcog.stanford.edu/expts/mcc/experiments/kids_preference/images/t8.png,0,9506,2019-02-08,mcc_kids_pref_2,MM,keep,F,2014-09-10,4.416438356164384,TRUE
190208_2_pref2,4,preference,5,false,Frog,Dog,t9,t7,right,http://langcog.stanford.edu/expts/mcc/experiments/kids_preference/images/t7.png,1,9722,2019-02-08,mcc_kids_pref_2,MM,keep,F,2014-09-10,4.416438356164384,TRUE
190208_2_pref2,4,preference,6,true,Beaver,Dog,t10,t3,right,http://langcog.stanford.edu/expts/mcc/experiments/kids_preference/images/t10.png,0,11266,2019-02-08,mcc_kids_pref_2,MM,keep,F,2014-09-10,4.416438356164384,TRUE
190208_2_pref2,4,preference,7,false,Bunny,Bear,t6,t5,left,http://langcog.stanford.edu/expts/mcc/experiments/kids_preference/images/t5.png,0,8272,2019-02-08,mcc_kids_pref_2,MM,keep,F,2014-09-10,4.416438356164384,TRUE
190208_2_pref2,4,preference,8,true,Monkey,Bear,t16,t1,left,http://langcog.stanford.edu/expts/mcc/experiments/kids_preference/images/t1.png,0,8191,2019-02-08,mcc_kids_pref_2,MM,keep,F,2014-09-10,4.416438356164384,TRUE
190208_3_pref2,4,preference,train,false,Elephant,Monkey,car,bear,left,http://langcog.stanford.edu/expts/mcc/experiments/kids_preference/images/car.png,1,9715,2019-02-08,mcc_kids_pref_2,MM,keep,M,2014-09-06,4.427397260273972,TRUE
190208_3_pref2,4,preference,train,false,Pig,Monkey,duck,ball,right,http://langcog.stanford.edu/expts/mcc/experiments/kids_preference/images/ball.png,1,8240,2019-02-08,mcc_kids_pref_2,MM,keep,M,2014-09-06,4.427397260273972,TRUE
190208_3_pref2,4,preference,1,false,Bunny,Monkey,t6,t7,left,http://langcog.stanford.edu/expts/mcc/experiments/kids_preference/images/t6.png,1,17254,2019-02-08,mcc_kids_pref_2,MM,keep,M,2014-09-06,4.427397260273972,TRUE
190208_3_pref2,4,preference,2,true,Pig,Monkey,t10,t14,left,http://langcog.stanford.edu/expts/mcc/experiments/kids_preference/images/t10.png,1,13704,2019-02-08,mcc_kids_pref_2,MM,keep,M,2014-09-06,4.427397260273972,TRUE
190208_3_pref2,4,preference,3,false,Sheep,Bear,t3,t1,right,http://langcog.stanford.edu/expts/mcc/experiments/kids_preference/images/t1.png,1,9856,2019-02-08,mcc_kids_pref_2,MM,keep,M,2014-09-06,4.427397260273972,TRUE
190208_3_pref2,4,preference,4,true,Mouse,Bear,t9,t5,right,http://langcog.stanford.edu/expts/mcc/experiments/kids_preference/images/t9.png,0,11084,2019-02-08,mcc_kids_pref_2,MM,keep,M,2014-09-06,4.427397260273972,TRUE
190208_3_pref2,4,preference,5,false,Elephant,Frog,t11,t2,left,http://langcog.stanford.edu/expts/mcc/experiments/kids_preference/images/t11.png,1,12296,2019-02-08,mcc_kids_pref_2,MM,keep,M,2014-09-06,4.427397260273972,TRUE
190208_3_pref2,4,preference,6,true,Tiger,Frog,t8,t16,right,http://langcog.stanford.edu/expts/mcc/experiments/kids_preference/images/t16.png,1,14271,2019-02-08,mcc_kids_pref_2,MM,keep,M,2014-09-06,4.427397260273972,TRUE
190208_3_pref2,4,preference,7,true,Beaver,Dog,t12,t17,left,http://langcog.stanford.edu/expts/mcc/experiments/kids_preference/images/t12.png,1,10943,2019-02-08,mcc_kids_pref_2,MM,keep,M,2014-09-06,4.427397260273972,TRUE
190208_3_pref2,4,preference,8,false,Cat,NA,t4,t15,right,http://langcog.stanford.edu/expts/mcc/experiments/kids_preference/images/t15.png,1,13637,2019-02-08,mcc_kids_pref_2,MM,keep,M,2014-09-06,4.427397260273972,TRUE
190213_1_pref2,4,preference,train,false,Elephant,Frog,car,bear,left,http://langcog.stanford.edu/expts/mcc/experiments/kids_preference/images/car.png,1,11225,2019-02-13,mcc_kids_pref_2,MM,keep,M,2014-12-18,4.158904109589041,TRUE
190213_1_pref2,4,preference,train,false,Pig,Frog,duck,ball,right,http://langcog.stanford.edu/expts/mcc/experiments/kids_preference/images/ball.png,1,8525,2019-02-13,mcc_kids_pref_2,MM,keep,M,2014-12-18,4.158904109589041,TRUE
190213_1_pref2,4,preference,1,true,Cat,Frog,t3,t7,right,http://langcog.stanford.edu/expts/mcc/experiments/kids_preference/images/t3.png,0,19889,2019-02-13,mcc_kids_pref_2,MM,keep,M,2014-12-18,4.158904109589041,TRUE
190213_1_pref2,4,preference,2,false,Dog,Elephant,t10,t8,left,http://langcog.stanford.edu/expts/mcc/experiments/kids_preference/images/t8.png,0,9847,2019-02-13,mcc_kids_pref_2,MM,keep,M,2014-12-18,4.158904109589041,TRUE
190213_1_pref2,4,preference,3,true,Bear,Elephant,t16,t9,left,http://langcog.stanford.edu/expts/mcc/experiments/kids_preference/images/t9.png,0,23361,2019-02-13,mcc_kids_pref_2,MM,keep,M,2014-12-18,4.158904109589041,TRUE
190213_1_pref2,4,preference,4,false,Bunny,Pig,t12,t6,right,http://langcog.stanford.edu/expts/mcc/experiments/kids_preference/images/t12.png,0,18073,2019-02-13,mcc_kids_pref_2,MM,keep,M,2014-12-18,4.158904109589041,TRUE
190213_1_pref2,4,preference,5,true,Beaver,Pig,t1,t5,right,http://langcog.stanford.edu/expts/mcc/experiments/kids_preference/images/t5.png,1,15509,2019-02-13,mcc_kids_pref_2,MM,keep,M,2014-12-18,4.158904109589041,TRUE
190213_1_pref2,4,preference,6,false,Sheep,Mouse,t11,t15,right,http://langcog.stanford.edu/expts/mcc/experiments/kids_preference/images/t15.png,1,10889,2019-02-13,mcc_kids_pref_2,MM,keep,M,2014-12-18,4.158904109589041,TRUE
190213_1_pref2,4,preference,7,false,Monkey,Mouse,t4,t14,left,http://langcog.stanford.edu/expts/mcc/experiments/kids_preference/images/t4.png,1,11190,2019-02-13,mcc_kids_pref_2,MM,keep,M,2014-12-18,4.158904109589041,TRUE
190213_1_pref2,4,preference,8,true,Tiger,Mouse,t17,t2,left,http://langcog.stanford.edu/expts/mcc/experiments/kids_preference/images/t17.png,1,10589,2019-02-13,mcc_kids_pref_2,MM,keep,M,2014-12-18,4.158904109589041,TRUE
190213_3_pref2,4,preference,train,false,Elephant,Dog,car,bear,left,http://langcog.stanford.edu/expts/mcc/experiments/kids_preference/images/car.png,1,9252,2019-02-13,mcc_kids_pref_2,MM,keep,M,2014-11-27,4.2164383561643834,TRUE
190213_3_pref2,4,preference,train,false,Pig,Dog,duck,ball,right,http://langcog.stanford.edu/expts/mcc/experiments/kids_preference/images/ball.png,1,10870,2019-02-13,mcc_kids_pref_2,MM,keep,M,2014-11-27,4.2164383561643834,TRUE
190213_3_pref2,4,preference,1,true,Sheep,Dog,t14,t8,right,http://langcog.stanford.edu/expts/mcc/experiments/kids_preference/images/t8.png,1,18385,2019-02-13,mcc_kids_pref_2,MM,keep,M,2014-11-27,4.2164383561643834,TRUE
190213_3_pref2,4,preference,2,false,Pig,Frog,t6,t15,left,http://langcog.stanford.edu/expts/mcc/experiments/kids_preference/images/t15.png,0,10478,2019-02-13,mcc_kids_pref_2,MM,keep,M,2014-11-27,4.2164383561643834,TRUE
190213_3_pref2,4,preference,3,false,Beaver,Frog,t12,t2,right,http://langcog.stanford.edu/expts/mcc/experiments/kids_preference/images/t2.png,1,9057,2019-02-13,mcc_kids_pref_2,MM,keep,M,2014-11-27,4.2164383561643834,TRUE
190213_3_pref2,4,preference,4,true,Tiger,Frog,t17,t7,left,http://langcog.stanford.edu/expts/mcc/experiments/kids_preference/images/t7.png,0,15474,2019-02-13,mcc_kids_pref_2,MM,keep,M,2014-11-27,4.2164383561643834,TRUE
190213_3_pref2,4,preference,5,true,Monkey,Mouse,t5,t9,left,http://langcog.stanford.edu/expts/mcc/experiments/kids_preference/images/t9.png,0,11054,2019-02-13,mcc_kids_pref_2,MM,keep,M,2014-11-27,4.2164383561643834,TRUE
190213_3_pref2,4,preference,6,false,Bunny,Elephant,t11,t3,right,http://langcog.stanford.edu/expts/mcc/experiments/kids_preference/images/t3.png,1,10285,2019-02-13,mcc_kids_pref_2,MM,keep,M,2014-11-27,4.2164383561643834,TRUE
190213_3_pref2,4,preference,7,false,Cat,Elephant,t4,t10,right,http://langcog.stanford.edu/expts/mcc/experiments/kids_preference/images/t10.png,1,8466,2019-02-13,mcc_kids_pref_2,MM,keep,M,2014-11-27,4.2164383561643834,TRUE
190213_3_pref2,4,preference,8,true,Bear,Elephant,t16,t1,left,http://langcog.stanford.edu/expts/mcc/experiments/kids_preference/images/t16.png,1,10231,2019-02-13,mcc_kids_pref_2,MM,keep,M,2014-11-27,4.2164383561643834,TRUE
190213_4_pref2,4,preference,train,false,Elephant,Bear,car,bear,left,http://langcog.stanford.edu/expts/mcc/experiments/kids_preference/images/car.png,1,9166,2019-02-13,mcc_kids_pref_2,MM,keep,F,2014-03-20,4.906849315068493,TRUE
190213_4_pref2,4,preference,train,false,Pig,Bear,duck,ball,right,http://langcog.stanford.edu/expts/mcc/experiments/kids_preference/images/ball.png,1,8163,2019-02-13,mcc_kids_pref_2,MM,keep,F,2014-03-20,4.906849315068493,TRUE
190213_4_pref2,4,preference,1,false,Elephant,Bear,t8,t11,right,http://langcog.stanford.edu/expts/mcc/experiments/kids_preference/images/t8.png,0,18932,2019-02-13,mcc_kids_pref_2,MM,keep,F,2014-03-20,4.906849315068493,TRUE
190213_4_pref2,4,preference,2,true,Dog,Bear,t6,t9,left,http://langcog.stanford.edu/expts/mcc/experiments/kids_preference/images/t9.png,0,9657,2019-02-13,mcc_kids_pref_2,MM,keep,F,2014-03-20,4.906849315068493,TRUE
190213_4_pref2,4,preference,3,true,Mouse,Pig,t10,t2,left,http://langcog.stanford.edu/expts/mcc/experiments/kids_preference/images/t2.png,0,9658,2019-02-13,mcc_kids_pref_2,MM,keep,F,2014-03-20,4.906849315068493,TRUE
190213_4_pref2,4,preference,4,false,Bunny,Frog,t15,t1,right,http://langcog.stanford.edu/expts/mcc/experiments/kids_preference/images/t1.png,1,12260,2019-02-13,mcc_kids_pref_2,MM,keep,F,2014-03-20,4.906849315068493,TRUE
190213_4_pref2,4,preference,5,true,Tiger,Frog,t17,t3,right,http://langcog.stanford.edu/expts/mcc/experiments/kids_preference/images/t3.png,1,9676,2019-02-13,mcc_kids_pref_2,MM,keep,F,2014-03-20,4.906849315068493,TRUE
190213_4_pref2,4,preference,6,false,Cat,Monkey,t5,t4,left,http://langcog.stanford.edu/expts/mcc/experiments/kids_preference/images/t5.png,1,8729,2019-02-13,mcc_kids_pref_2,MM,keep,F,2014-03-20,4.906849315068493,TRUE
190213_4_pref2,4,preference,7,true,Beaver,Monkey,t16,t14,right,http://langcog.stanford.edu/expts/mcc/experiments/kids_preference/images/t16.png,0,9820,2019-02-13,mcc_kids_pref_2,MM,keep,F,2014-03-20,4.906849315068493,TRUE
190213_4_pref2,4,preference,8,false,Sheep,NA,t7,t12,left,http://langcog.stanford.edu/expts/mcc/experiments/kids_preference/images/t7.png,1,8123,2019-02-13,mcc_kids_pref_2,MM,keep,F,2014-03-20,4.906849315068493,TRUE
190213_5_pref2,4,preference,train,false,Elephant,Dog,car,bear,left,http://langcog.stanford.edu/expts/mcc/experiments/kids_preference/images/car.png,1,8535,2019-02-13,mcc_kids_pref_2,MM,keep,M,2014-07-26,4.556164383561644,TRUE
190213_5_pref2,4,preference,train,false,Pig,Dog,duck,ball,right,http://langcog.stanford.edu/expts/mcc/experiments/kids_preference/images/ball.png,1,8055,2019-02-13,mcc_kids_pref_2,MM,keep,M,2014-07-26,4.556164383561644,TRUE
190213_5_pref2,4,preference,1,true,Mouse,Dog,t3,t10,right,http://langcog.stanford.edu/expts/mcc/experiments/kids_preference/images/t10.png,1,16931,2019-02-13,mcc_kids_pref_2,MM,keep,M,2014-07-26,4.556164383561644,TRUE
190213_5_pref2,4,preference,2,false,Beaver,Bear,t14,t5,left,http://langcog.stanford.edu/expts/mcc/experiments/kids_preference/images/t5.png,0,13088,2019-02-13,mcc_kids_pref_2,MM,keep,M,2014-07-26,4.556164383561644,TRUE
190213_5_pref2,4,preference,3,false,Bunny,Bear,t4,t17,left,http://langcog.stanford.edu/expts/mcc/experiments/kids_preference/images/t17.png,0,9674,2019-02-13,mcc_kids_pref_2,MM,keep,M,2014-07-26,4.556164383561644,TRUE
190213_5_pref2,4,preference,4,true,Frog,Bear,t8,t1,right,http://langcog.stanford.edu/expts/mcc/experiments/kids_preference/images/t1.png,1,9509,2019-02-13,mcc_kids_pref_2,MM,keep,M,2014-07-26,4.556164383561644,TRUE
190213_5_pref2,4,preference,5,true,Pig,Elephant,t6,t16,right,http://langcog.stanford.edu/expts/mcc/experiments/kids_preference/images/t16.png,1,15620,2019-02-13,mcc_kids_pref_2,MM,keep,M,2014-07-26,4.556164383561644,TRUE
190213_5_pref2,4,preference,6,false,Cat,Sheep,t15,t9,left,http://langcog.stanford.edu/expts/mcc/experiments/kids_preference/images/t9.png,0,9075,2019-02-13,mcc_kids_pref_2,MM,keep,M,2014-07-26,4.556164383561644,TRUE
190213_5_pref2,4,preference,7,true,Monkey,Sheep,t2,t7,left,http://langcog.stanford.edu/expts/mcc/experiments/kids_preference/images/t7.png,0,8661,2019-02-13,mcc_kids_pref_2,MM,keep,M,2014-07-26,4.556164383561644,TRUE
190213_5_pref2,4,preference,8,false,Tiger,NA,t11,t12,right,http://langcog.stanford.edu/expts/mcc/experiments/kids_preference/images/t12.png,1,11709,2019-02-13,mcc_kids_pref_2,MM,keep,M,2014-07-26,4.556164383561644,TRUE
190215_1_pref2,4,preference,train,false,Elephant,Frog,car,bear,left,http://langcog.stanford.edu/expts/mcc/experiments/kids_preference/images/car.png,1,8127,2019-02-15,mcc_kids_pref_2,MM,keep,M,2015-01-18,4.079452054794521,TRUE
190215_1_pref2,4,preference,train,false,Pig,Frog,duck,ball,right,http://langcog.stanford.edu/expts/mcc/experiments/kids_preference/images/ball.png,1,8323,2019-02-15,mcc_kids_pref_2,MM,keep,M,2015-01-18,4.079452054794521,TRUE
190215_1_pref2,4,preference,1,false,Mouse,Frog,t16,t4,right,http://langcog.stanford.edu/expts/mcc/experiments/kids_preference/images/t16.png,0,14640,2019-02-15,mcc_kids_pref_2,MM,keep,M,2015-01-18,4.079452054794521,TRUE
190215_1_pref2,4,preference,2,true,Bear,Frog,t1,t10,right,http://langcog.stanford.edu/expts/mcc/experiments/kids_preference/images/t10.png,1,14056,2019-02-15,mcc_kids_pref_2,MM,keep,M,2015-01-18,4.079452054794521,TRUE
190215_1_pref2,4,preference,3,false,Cat,Elephant,t7,t11,left,http://langcog.stanford.edu/expts/mcc/experiments/kids_preference/images/t7.png,1,15008,2019-02-15,mcc_kids_pref_2,MM,keep,M,2015-01-18,4.079452054794521,TRUE
190215_1_pref2,4,preference,4,true,Sheep,Elephant,t15,t3,right,http://langcog.stanford.edu/expts/mcc/experiments/kids_preference/images/t3.png,1,12654,2019-02-15,mcc_kids_pref_2,MM,keep,M,2015-01-18,4.079452054794521,TRUE
190215_1_pref2,4,preference,5,false,Tiger,Bunny,t2,t14,left,http://langcog.stanford.edu/expts/mcc/experiments/kids_preference/images/t2.png,1,15820,2019-02-15,mcc_kids_pref_2,MM,keep,M,2015-01-18,4.079452054794521,TRUE
190215_1_pref2,4,preference,6,true,Beaver,Bunny,t8,t5,left,http://langcog.stanford.edu/expts/mcc/experiments/kids_preference/images/t5.png,0,14903,2019-02-15,mcc_kids_pref_2,MM,keep,M,2015-01-18,4.079452054794521,TRUE
190215_1_pref2,4,preference,7,true,Dog,Pig,t9,t17,right,http://langcog.stanford.edu/expts/mcc/experiments/kids_preference/images/t17.png,1,8857,2019-02-15,mcc_kids_pref_2,MM,keep,M,2015-01-18,4.079452054794521,TRUE
190215_1_pref2,4,preference,8,false,Monkey,NA,t12,t6,left,http://langcog.stanford.edu/expts/mcc/experiments/kids_preference/images/t12.png,1,9611,2019-02-15,mcc_kids_pref_2,MM,keep,M,2015-01-18,4.079452054794521,TRUE
190215_2_pref2,4,preference,train,false,Elephant,Beaver,car,bear,left,http://langcog.stanford.edu/expts/mcc/experiments/kids_preference/images/car.png,1,8061,2019-02-15,mcc_kids_pref_2,MM,keep,M,2015-01-18,4.079452054794521,TRUE
190215_2_pref2,4,preference,train,false,Pig,Beaver,duck,ball,right,http://langcog.stanford.edu/expts/mcc/experiments/kids_preference/images/ball.png,1,8270,2019-02-15,mcc_kids_pref_2,MM,keep,M,2015-01-18,4.079452054794521,TRUE
190215_2_pref2,4,preference,1,true,Mouse,Beaver,t2,t9,right,http://langcog.stanford.edu/expts/mcc/experiments/kids_preference/images/t2.png,0,11089,2019-02-15,mcc_kids_pref_2,MM,keep,M,2015-01-18,4.079452054794521,TRUE
190215_2_pref2,4,preference,2,false,Elephant,Bunny,t8,t5,left,http://langcog.stanford.edu/expts/mcc/experiments/kids_preference/images/t8.png,1,10808,2019-02-15,mcc_kids_pref_2,MM,keep,M,2015-01-18,4.079452054794521,TRUE
190215_2_pref2,4,preference,3,false,Frog,Bunny,t10,t11,left,http://langcog.stanford.edu/expts/mcc/experiments/kids_preference/images/t10.png,1,10366,2019-02-15,mcc_kids_pref_2,MM,keep,M,2015-01-18,4.079452054794521,TRUE
190215_2_pref2,4,preference,4,true,Pig,Bunny,t14,t12,left,http://langcog.stanford.edu/expts/mcc/experiments/kids_preference/images/t12.png,0,10906,2019-02-15,mcc_kids_pref_2,MM,keep,M,2015-01-18,4.079452054794521,TRUE
190215_2_pref2,4,preference,5,true,Cat,Dog,t15,t3,right,http://langcog.stanford.edu/expts/mcc/experiments/kids_preference/images/t15.png,0,10582,2019-02-15,mcc_kids_pref_2,MM,keep,M,2015-01-18,4.079452054794521,TRUE
190215_2_pref2,4,preference,6,false,Bear,Sheep,t16,t6,left,http://langcog.stanford.edu/expts/mcc/experiments/kids_preference/images/t16.png,1,8654,2019-02-15,mcc_kids_pref_2,MM,keep,M,2015-01-18,4.079452054794521,TRUE
190215_2_pref2,4,preference,7,false,Tiger,Sheep,t17,t1,right,http://langcog.stanford.edu/expts/mcc/experiments/kids_preference/images/t1.png,1,8046,2019-02-15,mcc_kids_pref_2,MM,keep,M,2015-01-18,4.079452054794521,TRUE
190215_2_pref2,4,preference,8,true,Monkey,Sheep,t7,t4,right,http://langcog.stanford.edu/expts/mcc/experiments/kids_preference/images/t4.png,1,8919,2019-02-15,mcc_kids_pref_2,MM,keep,M,2015-01-18,4.079452054794521,TRUE
190215_3_pref2,4,preference,train,false,Elephant,Elephant,car,bear,left,http://langcog.stanford.edu/expts/mcc/experiments/kids_preference/images/car.png,1,11264,2019-02-15,mcc_kids_pref_2,MM,keep,M,2014-10-15,4.33972602739726,TRUE
190215_3_pref2,4,preference,train,false,Pig,Elephant,duck,ball,right,http://langcog.stanford.edu/expts/mcc/experiments/kids_preference/images/ball.png,1,8274,2019-02-15,mcc_kids_pref_2,MM,keep,M,2014-10-15,4.33972602739726,TRUE
190215_3_pref2,4,preference,1,true,Mouse,Elephant,t10,t2,left,http://langcog.stanford.edu/expts/mcc/experiments/kids_preference/images/t10.png,1,10453,2019-02-15,mcc_kids_pref_2,MM,keep,M,2014-10-15,4.33972602739726,TRUE
190215_3_pref2,4,preference,2,false,Frog,Bunny,t17,t9,right,http://langcog.stanford.edu/expts/mcc/experiments/kids_preference/images/t17.png,0,10274,2019-02-15,mcc_kids_pref_2,MM,keep,M,2014-10-15,4.33972602739726,TRUE
190215_3_pref2,4,preference,3,true,Tiger,Bunny,t16,t4,right,http://langcog.stanford.edu/expts/mcc/experiments/kids_preference/images/t4.png,1,16075,2019-02-15,mcc_kids_pref_2,MM,keep,M,2014-10-15,4.33972602739726,TRUE
190215_3_pref2,4,preference,4,false,Sheep,Monkey,t8,t3,right,http://langcog.stanford.edu/expts/mcc/experiments/kids_preference/images/t3.png,1,9253,2019-02-15,mcc_kids_pref_2,MM,keep,M,2014-10-15,4.33972602739726,TRUE
190215_3_pref2,4,preference,5,false,Cat,Monkey,t5,t12,left,http://langcog.stanford.edu/expts/mcc/experiments/kids_preference/images/t5.png,1,8492,2019-02-15,mcc_kids_pref_2,MM,keep,M,2014-10-15,4.33972602739726,TRUE
190215_3_pref2,4,preference,6,true,Beaver,Monkey,t1,t11,right,http://langcog.stanford.edu/expts/mcc/experiments/kids_preference/images/t1.png,0,11325,2019-02-15,mcc_kids_pref_2,MM,keep,M,2014-10-15,4.33972602739726,TRUE
190215_3_pref2,4,preference,7,true,Pig,Bear,t14,t6,left,http://langcog.stanford.edu/expts/mcc/experiments/kids_preference/images/t6.png,0,12027,2019-02-15,mcc_kids_pref_2,MM,keep,M,2014-10-15,4.33972602739726,TRUE
190215_3_pref2,4,preference,8,false,Dog,NA,t15,t7,left,http://langcog.stanford.edu/expts/mcc/experiments/kids_preference/images/t7.png,0,10468,2019-02-15,mcc_kids_pref_2,MM,keep,M,2014-10-15,4.33972602739726,TRUE
190215_4_pref2,4,preference,train,false,Elephant,Elephant,car,bear,left,http://langcog.stanford.edu/expts/mcc/experiments/kids_preference/images/car.png,1,8882,2019-02-15,mcc_kids_pref_2,MM,keep,M,2014-05-07,4.780821917808219,TRUE
190215_4_pref2,4,preference,train,false,Pig,Elephant,duck,ball,right,http://langcog.stanford.edu/expts/mcc/experiments/kids_preference/images/ball.png,1,8087,2019-02-15,mcc_kids_pref_2,MM,keep,M,2014-05-07,4.780821917808219,TRUE
190215_4_pref2,4,preference,1,false,Frog,Elephant,t6,t1,left,http://langcog.stanford.edu/expts/mcc/experiments/kids_preference/images/t1.png,0,11852,2019-02-15,mcc_kids_pref_2,MM,keep,M,2014-05-07,4.780821917808219,TRUE
190215_4_pref2,4,preference,2,true,Dog,Elephant,t9,t14,left,http://langcog.stanford.edu/expts/mcc/experiments/kids_preference/images/t9.png,1,16287,2019-02-15,mcc_kids_pref_2,MM,keep,M,2014-05-07,4.780821917808219,TRUE
190215_4_pref2,4,preference,3,true,Sheep,Bear,t11,t4,right,http://langcog.stanford.edu/expts/mcc/experiments/kids_preference/images/t4.png,1,14352,2019-02-15,mcc_kids_pref_2,MM,keep,M,2014-05-07,4.780821917808219,TRUE
190215_4_pref2,4,preference,4,false,Tiger,Bunny,t12,t3,right,http://langcog.stanford.edu/expts/mcc/experiments/kids_preference/images/t12.png,0,15142,2019-02-15,mcc_kids_pref_2,MM,keep,M,2014-05-07,4.780821917808219,TRUE
190215_4_pref2,4,preference,5,true,Cat,Bunny,t15,t2,left,http://langcog.stanford.edu/expts/mcc/experiments/kids_preference/images/t15.png,1,27761,2019-02-15,mcc_kids_pref_2,MM,keep,M,2014-05-07,4.780821917808219,TRUE
190215_4_pref2,4,preference,6,false,Beaver,Monkey,t5,t17,left,http://langcog.stanford.edu/expts/mcc/experiments/kids_preference/images/t5.png,1,8551,2019-02-15,mcc_kids_pref_2,MM,keep,M,2014-05-07,4.780821917808219,TRUE
190215_4_pref2,4,preference,7,false,Pig,Monkey,t10,t7,right,http://langcog.stanford.edu/expts/mcc/experiments/kids_preference/images/t10.png,0,10072,2019-02-15,mcc_kids_pref_2,MM,keep,M,2014-05-07,4.780821917808219,TRUE
190215_4_pref2,4,preference,8,true,Mouse,Monkey,t16,t8,right,http://langcog.stanford.edu/expts/mcc/experiments/kids_preference/images/t16.png,0,9130,2019-02-15,mcc_kids_pref_2,MM,keep,M,2014-05-07,4.780821917808219,TRUE
190215_5_pref2,4,preference,train,false,Elephant,Bear,car,bear,left,http://langcog.stanford.edu/expts/mcc/experiments/kids_preference/images/car.png,1,9551,2019-02-15,mcc_kids_pref_2,MM,keep,M,2014-06-06,4.698630136986301,TRUE
190215_5_pref2,4,preference,train,false,Pig,Bear,duck,ball,right,http://langcog.stanford.edu/expts/mcc/experiments/kids_preference/images/ball.png,1,8155,2019-02-15,mcc_kids_pref_2,MM,keep,M,2014-06-06,4.698630136986301,TRUE
190215_5_pref2,4,preference,1,false,Mouse,Bear,t12,t6,left,http://langcog.stanford.edu/expts/mcc/experiments/kids_preference/images/t12.png,1,11719,2019-02-15,mcc_kids_pref_2,MM,keep,M,2014-06-06,4.698630136986301,TRUE
190215_5_pref2,4,preference,2,true,Elephant,Bear,t2,t14,left,http://langcog.stanford.edu/expts/mcc/experiments/kids_preference/images/t2.png,1,8484,2019-02-15,mcc_kids_pref_2,MM,keep,M,2014-06-06,4.698630136986301,TRUE
190215_5_pref2,4,preference,3,true,Cat,Beaver,t10,t1,right,http://langcog.stanford.edu/expts/mcc/experiments/kids_preference/images/t1.png,1,13840,2019-02-15,mcc_kids_pref_2,MM,keep,M,2014-06-06,4.698630136986301,TRUE
190215_5_pref2,4,preference,4,false,Pig,Dog,t11,t5,left,http://langcog.stanford.edu/expts/mcc/experiments/kids_preference/images/t11.png,1,8803,2019-02-15,mcc_kids_pref_2,MM,keep,M,2014-06-06,4.698630136986301,TRUE
190215_5_pref2,4,preference,5,false,Sheep,Dog,t9,t4,right,http://langcog.stanford.edu/expts/mcc/experiments/kids_preference/images/t4.png,1,8171,2019-02-15,mcc_kids_pref_2,MM,keep,M,2014-06-06,4.698630136986301,TRUE
190215_5_pref2,4,preference,6,true,Monkey,Dog,t7,t16,right,http://langcog.stanford.edu/expts/mcc/experiments/kids_preference/images/t16.png,1,8455,2019-02-15,mcc_kids_pref_2,MM,keep,M,2014-06-06,4.698630136986301,TRUE
190215_5_pref2,4,preference,7,true,Frog,Tiger,t3,t17,left,http://langcog.stanford.edu/expts/mcc/experiments/kids_preference/images/t3.png,1,9378,2019-02-15,mcc_kids_pref_2,MM,keep,M,2014-06-06,4.698630136986301,TRUE
190215_5_pref2,4,preference,8,false,Bunny,NA,t8,t15,right,http://langcog.stanford.edu/expts/mcc/experiments/kids_preference/images/t15.png,1,12382,2019-02-15,mcc_kids_pref_2,MM,keep,M,2014-06-06,4.698630136986301,TRUE
190215_6_pref2,4,preference,train,false,Elephant,Bunny,car,bear,left,http://langcog.stanford.edu/expts/mcc/experiments/kids_preference/images/car.png,1,8668,2019-02-15,mcc_kids_pref_2,MM,keep,F,2014-11-06,4.279452054794521,TRUE
190215_6_pref2,4,preference,train,false,Pig,Bunny,duck,ball,right,http://langcog.stanford.edu/expts/mcc/experiments/kids_preference/images/ball.png,1,8542,2019-02-15,mcc_kids_pref_2,MM,keep,F,2014-11-06,4.279452054794521,TRUE
190215_6_pref2,4,preference,1,true,Sheep,Bunny,t2,t17,right,http://langcog.stanford.edu/expts/mcc/experiments/kids_preference/images/t17.png,1,11320,2019-02-15,mcc_kids_pref_2,MM,keep,F,2014-11-06,4.279452054794521,TRUE
190215_6_pref2,4,preference,2,false,Beaver,Frog,t4,t15,right,http://langcog.stanford.edu/expts/mcc/experiments/kids_preference/images/t15.png,1,8534,2019-02-15,mcc_kids_pref_2,MM,keep,F,2014-11-06,4.279452054794521,TRUE
190215_6_pref2,4,preference,3,true,Tiger,Frog,t1,t16,right,http://langcog.stanford.edu/expts/mcc/experiments/kids_preference/images/t16.png,1,10823,2019-02-15,mcc_kids_pref_2,MM,keep,F,2014-11-06,4.279452054794521,TRUE
190215_6_pref2,4,preference,4,false,Mouse,Dog,t5,t14,left,http://langcog.stanford.edu/expts/mcc/experiments/kids_preference/images/t5.png,1,8922,2019-02-15,mcc_kids_pref_2,MM,keep,F,2014-11-06,4.279452054794521,TRUE
190215_6_pref2,4,preference,5,false,Cat,Dog,t3,t10,left,http://langcog.stanford.edu/expts/mcc/experiments/kids_preference/images/t3.png,1,8733,2019-02-15,mcc_kids_pref_2,MM,keep,F,2014-11-06,4.279452054794521,TRUE
190215_6_pref2,4,preference,6,true,Monkey,Dog,t7,t9,right,http://langcog.stanford.edu/expts/mcc/experiments/kids_preference/images/t9.png,1,8886,2019-02-15,mcc_kids_pref_2,MM,keep,F,2014-11-06,4.279452054794521,TRUE
190215_6_pref2,4,preference,7,true,Bear,Elephant,t6,t12,left,http://langcog.stanford.edu/expts/mcc/experiments/kids_preference/images/t6.png,1,9345,2019-02-15,mcc_kids_pref_2,MM,keep,F,2014-11-06,4.279452054794521,TRUE
190215_6_pref2,4,preference,8,false,Pig,NA,t11,t8,left,http://langcog.stanford.edu/expts/mcc/experiments/kids_preference/images/t11.png,1,8667,2019-02-15,mcc_kids_pref_2,MM,keep,F,2014-11-06,4.279452054794521,TRUE
190215_7_pref2,4,preference,train,false,Elephant,Mouse,car,bear,left,http://langcog.stanford.edu/expts/mcc/experiments/kids_preference/images/car.png,1,8688,2019-02-15,mcc_kids_pref_2,MM,keep,M,2014-04-22,4.821917808219178,TRUE
190215_7_pref2,4,preference,train,false,Pig,Mouse,duck,ball,right,http://langcog.stanford.edu/expts/mcc/experiments/kids_preference/images/ball.png,1,8072,2019-02-15,mcc_kids_pref_2,MM,keep,M,2014-04-22,4.821917808219178,TRUE
190215_7_pref2,4,preference,1,false,Frog,Mouse,t8,t2,left,http://langcog.stanford.edu/expts/mcc/experiments/kids_preference/images/t8.png,1,11776,2019-02-15,mcc_kids_pref_2,MM,keep,M,2014-04-22,4.821917808219178,TRUE
190215_7_pref2,4,preference,2,true,Sheep,Mouse,t16,t4,right,http://langcog.stanford.edu/expts/mcc/experiments/kids_preference/images/t4.png,1,11495,2019-02-15,mcc_kids_pref_2,MM,keep,M,2014-04-22,4.821917808219178,TRUE
190215_7_pref2,4,preference,3,false,Cat,Dog,t17,t7,left,http://langcog.stanford.edu/expts/mcc/experiments/kids_preference/images/t17.png,1,8752,2019-02-15,mcc_kids_pref_2,MM,keep,M,2014-04-22,4.821917808219178,TRUE
190215_7_pref2,4,preference,4,true,Tiger,Dog,t15,t12,left,http://langcog.stanford.edu/expts/mcc/experiments/kids_preference/images/t15.png,1,13824,2019-02-15,mcc_kids_pref_2,MM,keep,M,2014-04-22,4.821917808219178,TRUE
190215_7_pref2,4,preference,5,true,Elephant,Monkey,t5,t11,right,http://langcog.stanford.edu/expts/mcc/experiments/kids_preference/images/t11.png,1,8726,2019-02-15,mcc_kids_pref_2,MM,keep,M,2014-04-22,4.821917808219178,TRUE
190215_7_pref2,4,preference,6,false,Beaver,Bunny,t6,t3,left,http://langcog.stanford.edu/expts/mcc/experiments/kids_preference/images/t6.png,1,8158,2019-02-15,mcc_kids_pref_2,MM,keep,M,2014-04-22,4.821917808219178,TRUE
190215_7_pref2,4,preference,7,false,Bear,Bunny,t1,t10,right,http://langcog.stanford.edu/expts/mcc/experiments/kids_preference/images/t10.png,1,8056,2019-02-15,mcc_kids_pref_2,MM,keep,M,2014-04-22,4.821917808219178,TRUE
190215_7_pref2,4,preference,8,true,Pig,Bunny,t14,t9,right,http://langcog.stanford.edu/expts/mcc/experiments/kids_preference/images/t9.png,1,8217,2019-02-15,mcc_kids_pref_2,MM,keep,M,2014-04-22,4.821917808219178,TRUE
